id,book_type,book_language,authors,image,title,book_genre,rating,published_date,description,isbn_13,page_count,book_status,date_added,date_read,goodreads_link
1,1,1,Emma Clayton,,Racnetul ,,4.05,,,9786066092869,346,1,12/22/2021,1/2/2022,
2,1,1,Ștefan Ciocioi,,Legiunea de Abur,,4.2,,,9786069706138,410,3,12/31/2021,,
3,1,1,Ștefan Ciocioi,,Rezistența ,,4.78,,,9786069479629,268,3,12/31/2021,,
4,1,1,Ștefan Ciocioi,,Încleștarea Epocilor ,,4.64,,,9786069479612,330,3,12/31/2021,,
5,1,1,Ștefan Ciocioi,,Cele douăsprezece încuietori,,4.25,,,9786068894485,330,3,12/31/2021,,
6,1,1,Josh Malerman,,Malorie ,,3.81,,,,301,1,12/21/2020,,
7,1,1,Gwenda Bond,,Suspicious Minds ,,3.59,,,,304,1,12/21/2020,,
8,1,1,Stephen Booth,,Cainele negru ,,3.83,,,9789731037226,0,1,3/2/2020,3/7/2020,
9,1,1,Alex Michaelides,,Pacienta tăcută,,4.18,,,9786063336065,368,1,3/2/2020,7/12/2021,
10,1,1,Ruth Ware,,Moartea doamnei  Westaway,,3.81,,,9786064006554,464,1,3/2/2020,5/7/2021,
11,1,1,Leigh Bardugo,,The Grisha Trilogy ,,4.3,,,9781627799546,1248,3,4/28/2021,,
12,1,1,Mo Hayder,,Omul-Pasare ,,3.89,,,9789731035598,384,1,11/22/2020,4/20/2021,
13,1,1,Jessica Barry,,Cadere libera,,3.8,,,,416,1,4/5/2021,4/13/2021,
14,1,1,Michael Punke,,Răzbunătorul. Legenda lui Hugh Glass,,3.96,,,9786067196269,342,1,3/2/2020,4/5/2021,
15,1,1,Andy Weir,,Marțianul,,4.41,,,9786068673226,424,1,3/2/2020,4/1/2021,
16,1,1,Robert Galbraith,,Troubled Blood ,,4.37,,,9780751579932,944,3,3/30/2021,,
17,1,1,Julia Navarro,,Conferia Sfantului Giulgiu,,3.6,,,,384,1,3/6/2021,,
18,1,1,Markus C. Schulte von Drach,,Furor,,3.56,,,9783423244404,359,3,3/2/2020,,
19,1,1,David Ebershoff,,Daneza,,3.76,,,9786067760729,374,3,3/2/2020,,
20,1,1,Sylvia Day,,Atracția ,,4.15,,,9786068494944,444,3,3/2/2020,,
21,1,1,James Frey,,O mie de fărâme,,3.68,,,9789736891595,536,3,3/2/2020,,
22,1,1,Toby Ball,,Ahivele,,3.37,,,9786066095280,416,3,11/20/2020,,
23,1,1,Frédéric Lenoir,,Oracolul Lunei,,4.05,,,9789731036199,0,3,12/21/2020,,
24,1,1,Michael White,,Echinox,,3.33,,,9789731030791,313,1,3/2/2020,3/7/2020,
25,1,1,Dan Brown,,Îngeri şi demoni,,3.94,,,,544,1,3/2/2020,3/7/2020,
26,1,1,Stephen Booth,,Sălașul morții ,,3.82,,,9789735769475,448,1,3/2/2020,12/21/2020,
27,1,1,Andrew Taylor,,Judecata strainilor ,,3.86,,,,,1,11/24/2020,3/2/2021,
28,1,1,Debra Driza,,Renegade ,,3.87,,,9780062090393,448,1,3/17/2021,,
29,1,1,Isaac Asimov,,"Roboții I. Eu, Robotul ",,4.21,,,9786068673479,280,1,3/17/2021,3/25/2021,
30,1,1,Scott Smith,,Ruinele,,3.67,,,,416,1,3/2/2020,3/7/2020,
31,1,1,Joseph Conrad,,Corsarul. Falk,,3.64,,,9789731430591,448,1,3/2/2020,3/7/2020,
32,1,1,Jack Whyte,,Cavalerii în alb și negru ,,3.78,,,9789731430317,640,1,3/2/2020,3/7/2020,
33,1,1,Raymond Khoury,,Ultimul Templier,,3.62,,,9789735698324,0,1,3/2/2020,3/7/2020,
34,1,1,Raymond Khoury,,The Sanctuary,,3.67,,,9780525950295,432,1,3/2/2020,3/7/2020,
35,1,1,John Fowles,,Mantisa,,3.16,,,9789734642342,228,1,3/2/2020,3/7/2020,
36,1,1,Kenzaburō Ōe,,17,,3.29,,,9789734645343,104,1,3/2/2020,3/7/2020,
37,1,1,Richard Matheson,,Sunt o legendă,,4.06,,,9789731036229,377,1,3/2/2020,3/7/2020,
38,1,1,Jeffrey Archer,,"Nici un ban in plus, nici un ban in minus",,4.04,,,,256,1,3/2/2020,3/7/2020,
39,1,1,Rick Remender,,"Low, Vol. 4: Outer Aspects of Inner Attitudes",,3.79,,,9781534302297,136,3,3/17/2021,,
40,1,1,Rick Remender,,"Low, Vol. 3: Shore of the Dying Light",,3.93,,,9781632157089,128,3,3/17/2021,,
41,1,1,Rick Remender,,"Low, Vol. 2: Before the Dawn Burns Us",,3.91,,,9781632154699,104,3,3/17/2021,,
42,1,1,Rick Remender,,"Low, Vol. 1: The Delirium of Hope",,3.62,,,9781632151940,144,3,3/17/2021,,
43,1,1,Debra Driza,,MILA 2.0 ,,3.69,,,9780062090362,470,3,3/6/2021,,
44,1,1,Debra Driza,,Origins: The Fire ,,3.58,,,9780062262936,15,3,3/17/2021,,
45,1,1,Debra Driza,,Redemption ,,3.66,,,9780062090423,408,3,3/17/2021,,
46,1,1,Kass Morgan,,Rebellion ,,3.73,,,,352,3,3/13/2021,,
47,1,1,Kass Morgan,,Homecoming ,,3.69,,,9780316381963,345,3,3/13/2021,,
48,1,1,Kass Morgan,,Day 21 ,,3.72,,,9780316234559,320,3,3/13/2021,,
49,1,1,Kass Morgan,,The 100 ,,3.57,,,9780316234474,323,3,3/13/2021,,
50,1,1,Karin Slaughter,,Obsesia,,4.05,,,9789731037202,416,1,12/21/2020,3/10/2021,
51,1,1,Christie Golden,,Rise of the Horde ,,4.18,,,9780743471381,368,1,2/21/2021,3/3/2021,
52,1,1,Jonathan Aycliffe,,The Vanishment,,3.76,,,9780061006586,227,1,3/2/2020,2/25/2021,
53,1,1,Sean Copeland,,World of Warcraft: Grimoire of the Shadowlands and Beyond ,,3.73,,,9781950366507,208,3,2/21/2021,,
54,1,1,Madeleine Roux,,Shadows Rising ,,3.64,,,,259,3,2/21/2021,,
55,1,1,Christie Golden,,Before the Storm ,,3.94,,,9780399594090,281,3,2/21/2021,,
56,1,1,Madeleine Roux,,The Shining Blade ,,3.81,,,9781338538946,400,3,2/21/2021,,
57,1,1,Greg Weisman,,The Spiral Path ,,4.22,,,9781338029376,432,3,2/21/2021,,
58,1,1,Greg Weisman,,Traveler ,,4.08,,,9780545906685,384,3,2/21/2021,,
59,1,1,Christie Golden,,Warcraft: Durotan,,4.04,,,9781783299607,304,3,2/21/2021,,
60,1,1,William King,,Illidan ,,4.02,,,9780399177569,336,3,2/21/2021,,
61,1,1,Blizzard Entertainment,,World of Warcraft Chronicle: Volume 3,,4.39,,,9781616558475,223,3,2/21/2021,,
62,1,1,Blizzard Entertainment,,World of Warcraft Chronicle: Volume 2,,4.46,,,9781616558468,202,3,2/21/2021,,
63,1,1,Blizzard Entertainment,,World of Warcraft Chronicle: Volume 1,,4.48,,,9781616558451,165,3,2/21/2021,,
64,1,1,Elias Vandoren,,World of Warcraft: Destination Pandaria,,4.5,,,,275,3,2/21/2021,,
65,1,1,Christie Golden,,War Crimes ,,4.03,,,9781451684483,358,3,2/21/2021,,
66,1,1,Micky Neilson,,World of Warcraft: Paragons,,4.05,,,,467,3,2/21/2021,,
67,1,1,Richard A. Knaak,,World of Warcraft: Dawn of the Aspects: Part V,,4.15,,,9781476708645,100,3,2/21/2021,,
68,1,1,Richard A. Knaak,,World of Warcraft: Dawn of the Aspects: Part IV,,4.08,,,9781476708638,100,3,2/21/2021,,
69,1,1,Richard A. Knaak,,World of Warcraft: Dawn of the Aspects: Part III,,4.08,,,9781476708621,100,3,2/21/2021,,
70,1,1,Richard A. Knaak,,World of Warcraft: Dawn of the Aspects: Part II,,4.11,,,9781476708614,100,3,2/21/2021,,
71,1,1,Richard A. Knaak,,World of Warcraft: Dawn of the Aspects: Part I,,4,,,9781416550693,90,3,2/21/2021,,
72,1,1,Michael A. Stackpole,,Vol'jin: Shadows of the Horde ,,3.89,,,9781416550679,320,3,2/21/2021,,
73,1,1,Christie Golden,,Jaina Proudmoore: Tides of War ,,4.09,,,9781416550761,352,3,2/21/2021,,
74,1,1,Richard A. Knaak,,Wolfheart ,,3.87,,,9781451605754,384,3,2/21/2021,,
75,1,1,Christie Golden,,Thrall: Twilight of the Aspects ,,4.1,,,9781416550884,309,3,2/21/2021,,
76,1,1,Christie Golden,,The Shattering: Prelude to Cataclysm ,,3.96,,,,357,3,2/21/2021,,
77,1,1,Richard A. Knaak,,Stormrage ,,3.67,,,9781416550877,432,3,2/21/2021,,
78,1,1,Christie Golden,,Arthas: Rise of the Lich King ,,4.13,,,9781416550778,320,3,2/21/2021,,
79,1,1,Richard A. Knaak,,Night of the Dragon ,,3.78,,,9780743471374,320,3,2/21/2021,,
80,1,1,Aaron Rosenberg,,Beyond the Dark Portal ,,4,,,9781416550860,426,3,2/21/2021,,
81,1,1,Aaron Rosenberg,,Tides of Darkness ,,3.92,,,9781416539902,384,3,2/21/2021,,
82,1,1,Keith R.A. DeCandido,,Cycle of Hatred ,,3.64,,,9780743471367,272,3,2/21/2021,,
83,1,1,richard-a-knaak,,The Sundering ,,4.14,,,9780743471213,384,3,2/21/2021,,
84,1,1,Richard A. Knaak,,The Demon Soul ,,4.06,,,9780743471206,384,3,2/21/2021,,
85,1,1,Richard A. Knaak,,The Well of Eternity ,,4.03,,,9780743471190,370,3,2/21/2021,,
86,1,1,Richard A. Knaak,,WarCraft Archive ,,4.23,,,9780739480243,0,3,2/21/2021,,
87,1,1,Jeff Grubb,,The Last Guardian ,,4.02,,,9780671041519,320,3,2/21/2021,,
88,1,1,Christie Golden,,Lord of the Clans ,,4.14,,,9780743426909,278,3,2/21/2021,,
89,1,1,Richard A. Knaak,,Day of the Dragon ,,3.81,,,9780671041526,378,3,2/21/2021,,
90,1,1,Chris Metzen,,Of Blood and Honor,,4,,,,53,3,2/21/2021,,
91,1,1,Kristy Dallas Alley,,The Ballad of Ami Miles,,3.43,,,9781250222138,272,3,2/21/2021,,
92,1,1,Kyla Stone,,Edge of Survival ,,4.49,,,9781945410628,398,3,2/21/2021,,
93,1,1,A.G. Riddle,,Pandemic ,,4.07,,,9781940026121,722,3,2/21/2021,,
94,1,1,Ransom Riggs,,Biblioteca sufletelor ,,4.14,,,9786068811031,552,1,1/23/2021,2/20/2021,
95,1,1,Ransom Riggs,,Orașul pustiu ,,4.06,,,9786069384992,472,1,1/23/2021,2/11/2021,
96,1,1,Rick Riordan,,The Sea of Monsters ,,4.25,,,9780786856862,279,3,1/29/2021,,
97,1,1,James Dashner,,The Scorch Trials ,,3.9,,,9780385738750,362,3,1/29/2021,,
98,1,1,James Dashner,,The Death Cure ,,3.78,,,9780385738774,325,3,1/29/2021,,
99,1,1,Madeleine Roux,,Asylum ,,3.64,,,9780062220967,317,3,1/29/2021,,
100,1,1,Ransom Riggs,,Miss Peregrine ,,3.92,,,9789731247731,392,1,1/23/2021,1/29/2021,
101,1,1,Peter May,,The Blackhouse ,,4.08,,,9781849163842,386,3,12/21/2020,,
102,1,1,Peter May,,Carantina,,3.63,,,9786067949095,368,3,12/21/2020,,
103,1,1,Gwenda Bond,,Fallout ,,3.88,,,9781630790059,304,3,12/21/2020,,
104,1,1,Charlie Jane Anders,,Orașul de la miezul nopții,,3.5,,,9786064306074,416,3,12/21/2020,,
105,1,1,Imran Mahmood,,"Eu, acuzatul",,3.78,,,9786060063629,368,3,12/21/2020,,
106,1,1,C.J. Tudor,,Dispariția lui Annie Thorne,,3.61,,,,351,3,12/21/2020,,
107,1,1,Mary Robinette Kowal,,The Relentless Moon ,,4.36,,,9781250236968,544,3,12/21/2020,,
108,1,1,Mary Robinette Kowal,,The Fated Sky ,,4.27,,,9780765398949,384,3,12/21/2020,,
109,1,1,Mary Robinette Kowal,,The Calculating Stars ,,3.96,,,,431,3,12/21/2020,,
110,1,1,Jeff VanderMeer,,Autoritate ,,3.54,,,9786067191936,368,3,12/21/2020,,
111,1,1,Karen M. McManus,,The Cousins,,3.78,,,9780525708018,337,3,12/21/2020,,
112,1,1,Guillermo del Toro,,Pan's Labyrinth: The Labyrinth of the Faun,,4.26,,,9780062414465,256,3,12/21/2020,,
113,1,1,Leigh Bardugo,,A noua casă ,,4.03,,,9786064009241,592,3,12/21/2020,,
114,1,1,Radu Octavian,,Sapte Porti,,4.61,,,9786069505700,245,3,12/21/2020,,
115,1,1,John Case,,Sindromul. Știi cine ești cu adevărat,,3.73,,,,576,3,12/21/2020,,
116,1,1,Anne Holt,,Ura,,3.59,,,9789737075444,426,3,3/2/2020,,
117,1,1,Victor Koman,,Weeds,,4,,,9780061058424,,3,11/26/2020,,
118,1,1,Jorge Zamacona,,The Wild and the Innocent,,4,,,9780061059230,,3,11/26/2020,,
119,1,1,Lewis Gannett,,Force Majeure ,,3,,,9780061059629,,3,11/26/2020,,
120,1,1,Lewis Gannett,,Gehenna ,,3.4,,,9780694518722,3,1,11/24/2020,11/26/2020,
121,1,1,Elizabeth Hand,,Francezul ,,3.12,,,9789739862639,187,1,11/22/2020,11/24/2020,
122,1,1,Jeff VanderMeer,,Anihilare ,,3.77,,,9786067190526,208,1,10/26/2020,10/27/2020,
123,1,1,Jack Higgins,,Tinta sigura ,,3.76,,,,288,1,11/20/2020,11/23/2020,
124,1,1,Claudia Groß,,Maestra runelor,,3.26,,,,314,3,11/20/2020,,
125,1,1,Andrew Taylor,,Jocul de-a destinul,,3.68,,,9786068251257,352,3,11/20/2020,,
126,1,1,Tom Knox,,Secretul Genezei,,3.58,,,9786066094986,252,3,11/20/2020,,
127,1,1,Åsa Larsson,,Furtună solară  ,,3.63,,,9789737074584,288,3,3/2/2020,,
128,1,1,Agatha Christie,,Martorul mut ,,3.9,,,9786063342387,400,3,3/2/2020,,
129,1,1,David Jackson,,Nu scoate un sunet,,4.28,,,9786060062479,384,3,4/8/2020,,
130,1,1,Eric Van Lustbader,,The Nemesis Manifesto ,,3.66,,,9781788541336,352,3,3/7/2020,,
131,1,1,Jeffery Deaver,,Moartea vine on-line ,,3.85,,,9786066096379,512,3,3/2/2020,,
132,1,1,Douglas Kennedy,,Trădarea,,3.61,,,9786067196450,400,3,3/7/2020,,
133,1,1,Yrsa Sigurdardottir,,Renegatii ,,3.7,,,9786067195316,392,3,3/7/2020,,
134,1,1,Mons Kallentoft,,Toamna,,3.49,,,9789737075291,400,3,3/2/2020,,
135,1,1,Taylor Stevens,,Femeia cameleon ,,3.79,,,9786067194111,399,3,3/7/2020,,
136,1,1,Dolores Redondo,,Ofrenda a la tormenta ,,4.09,,,9788423348688,544,3,4/21/2020,,
137,1,1,Dolores Redondo,,Legado en los huesos ,,4.14,,,9788423347452,560,3,4/21/2020,,
138,1,1,Dolores Redondo,,El guardián invisible ,,3.95,,,9788423346042,440,3,4/21/2020,,
139,1,1,Simon Sebag Montefiore,,Într-o noapte de iarnă,,3.96,,,9786067190458,552,3,4/8/2020,,
140,1,1,Carlos Ruiz Zafón,,Luminile din septembrie,,3.83,,,9789734624546,248,3,4/8/2020,,
141,1,1,Olen Steinhauer,,Turistul,,3.78,,,9786069267790,475,3,4/8/2020,,
142,1,1,Flynn Berry,,Sora pierdută,,3.4,,,,288,3,4/8/2020,,
143,1,1,Veit Etzold,,Agonie mentală ,,3.88,,,9786060060925,432,3,4/8/2020,,
144,1,1,Elizabeth Haynes,,În cel mai întunecat colț,,4.07,,,9786067631944,448,3,4/8/2020,,
145,1,1,Traian Tandin,,Condamnati La Moarte,,4,,,,671,3,4/8/2020,,
146,1,1,Traian Tandin,,Delincventi Natafleti,,4.4,,,9789738708976,208,3,4/8/2020,,
147,1,1,Traian Tandin,,Bolidul verde,,5,,,,303,3,4/8/2020,,
148,1,1,Traian Tandin,,Din jurnalul unui politist,,4,,,,430,3,4/8/2020,,
149,1,1,Traian Tandin,,Dilemele căpitanului Roman,,3.93,,,,240,3,4/8/2020,,
150,1,1,Traian Tandin,,Femei criminale în România,,4.43,,,,296,3,4/8/2020,,
151,1,1,Traian Tandin,,Criminali din lăcomie,,3.86,,,,368,3,4/8/2020,,
152,1,1,Traian Tandin,,Cazuri judiciare celebre,,4.56,,,,336,3,4/8/2020,,
153,1,1,Traian Tandin,,Cei mai odioși 100 criminali români,,4.11,,,,448,3,4/8/2020,,
154,1,1,Traian Tandin,,"Adio, ringo!",,4.23,,,,207,3,4/8/2020,,
155,1,1,C.J. Tudor,,Omul de cretă,,3.71,,,9786064300638,284,3,4/8/2020,,
156,1,1,Douglas Preston,,Crooked River ,,4.26,,,,396,3,4/8/2020,,
157,1,1,Douglas Preston,,The Strange Case of Monsieur Bertin ,,4.03,,,9781538717585,70,3,4/8/2020,,
158,1,1,Douglas Preston,,City of Endless Night ,,4.08,,,,416,3,4/8/2020,,
159,1,1,Douglas Preston,,Verses for the Dead ,,4.22,,,9781538715482,434,3,4/8/2020,,
160,1,1,Douglas Preston,,The Obsidian Chamber ,,3.98,,,9781455541676,560,3,4/8/2020,,
161,1,1,Douglas Preston,,Crimson Shore ,,4.03,,,9781455525928,339,3,4/8/2020,,
162,1,1,Douglas Preston,,Blue Labyrinth ,,4.13,,,9781455525898,403,3,4/8/2020,,
163,1,1,Douglas Preston,,White Fire ,,4.11,,,9781455525836,368,3,4/8/2020,,
164,1,1,Douglas Preston,,Extraction ,,3.98,,,9781455528080,128,3,4/8/2020,,
165,1,1,Douglas Preston,,Two Graves ,,4.06,,,9780446554992,484,3,4/8/2020,,
166,1,1,Douglas Preston,,Cold Vengeance ,,4.11,,,,457,3,4/8/2020,,
167,1,1,Douglas Preston,,Fever Dream ,,4.12,,,9780446554961,405,3,4/8/2020,,
168,1,1,Douglas Preston,,Cemetery Dance ,,4.03,,,9780446580298,435,3,4/8/2020,,
169,1,1,Douglas Preston,,The Wheel of Darkness ,,3.96,,,9780446580281,388,3,4/8/2020,,
170,1,1,Douglas Preston,,The Book of the Dead ,,4.16,,,9780446576987,454,3,4/8/2020,,
171,1,1,Douglas Preston,,Dance of Death ,,4.19,,,9780446617093,560,3,4/8/2020,,
172,1,1,Douglas Preston,,Brimstone ,,4.15,,,9780446612753,740,3,4/8/2020,,
173,1,1,Douglas Preston,,Still Life With Crows ,,4.21,,,9780446612760,571,3,4/8/2020,,
174,1,1,Douglas Preston,,Reliquary ,,4.03,,,9780765354952,464,3,4/8/2020,,
175,1,1,Douglas Preston,,Relic ,,4.05,,,9780765354945,480,3,4/8/2020,,
176,1,1,Douglas Preston,,Vitrina de curiozitati ,,4.26,,,,571,3,4/8/2020,,
177,1,1,Stefan Ahnhem,,Victimă fără chip,,3.97,,,,640,3,4/8/2020,,
178,1,1,Caroline Kepnes,,You ,,3.96,,,9781501195433,464,3,4/8/2020,,
179,1,1,Caroline Kepnes,,Corpuri ascunse ,,3.74,,,9786067632170,480,3,4/8/2020,,
180,1,1,Karen M. McManus,,Unul dintre noi urmează ,,3.92,,,9786067632866,416,3,4/8/2020,,
181,1,1,Karen M. McManus,,Doi pot ține un secret,,3.94,,,9786067631913,336,3,4/8/2020,,
182,1,1,Michael Connelly,,Avocatul din limuzina ,,4.21,,,9786066097475,400,3,4/8/2020,,
183,1,1,Michael Connelly,,Până la Capăt,,4.2,,,,400,3,4/8/2020,,
184,1,1,Rachel Caine,,Heartbreak Bay ,,4.31,,,9781542093668,336,3,4/8/2020,,
185,1,1,Rachel Caine,,Bitter Falls ,,4.28,,,9781542042345,336,3,4/8/2020,,
186,1,1,Rachel Caine,,Wolfhunter River ,,4.13,,,9781503957312,330,3,4/8/2020,,
187,1,1,Rachel Caine,,Refugiul de la Stillhouse Lake ,,4.12,,,9786067632187,336,3,4/8/2020,,
188,1,1,Rachel Caine,,Coșmarul de la Killman Creek ,,4.25,,,9786067632347,368,3,4/8/2020,,
189,1,1,Martin Cruz Smith,,Steaua Polară,,3.98,,,9786068673097,416,3,4/8/2020,,
190,1,1,James Lee Burke,,Prizonierii raiului,,4.1,,,,368,3,4/8/2020,,
191,1,1,Frances Fyfield,,Sânge din Piatră,,3.53,,,9786069351017,360,3,4/8/2020,,
192,1,1,John Verdon,,Gândește-te la un număr,,3.88,,,9786068673554,520,3,4/8/2020,,
193,1,1,Tony Hillerman,,Lupul din umbră,,4.02,,,9786068673080,232,3,4/8/2020,,
194,1,1,Richard Stark,,Vanatorul ,,4.01,,,9786068673066,208,3,4/8/2020,,
195,1,1,James M. Cain,,Poştaşul sună întotdeauna de două ori,,3.77,,,9789736754234,144,3,4/8/2020,,
196,1,1,Max Brooks,,Războiul Z,,4.02,,,9789737076779,448,3,4/8/2020,,
197,1,1,Cormac McCarthy,,The Road,,3.99,,,9780307265432,241,3,4/8/2020,,
198,1,1,Jo Nesbø,,Omul de zăpadă ,,4.02,,,9786066095228,507,3,4/2/2020,,
199,1,1,H.G. Wells,,Omul invizibil. Războiul lumilor,,3.83,,,9786065391949,416,3,3/21/2020,,
200,1,1,Tom Gabbay,,Conspiratia din Berlin,,3.78,,,,320,1,3/2/2020,3/7/2020,
201,1,1,Geoffrey Girard,,Mary Rose,,3.32,,,9781681689647,,3,3/21/2020,,
202,1,1,Yrsa Sigurdardottir,,Suflete damnate,,3.75,,,9789737074287,432,1,3/2/2020,3/21/2020,
203,1,1,Jack London,,Chemarea străbunilor,,3.9,,,9789731848877,270,3,3/10/2020,,
204,1,1,Stephen King,,1922,,3.91,,,,132,3,3/10/2020,,
205,1,1,Arnaldur Indriðason,,Orasul borcanelor,,3.81,,,9789737074461,256,1,3/2/2020,3/10/2020,
206,1,1,Patrick Ness,,Vocea pumnalului ,,3.97,,,,512,3,3/7/2020,,
207,1,1,Walter Dean Myers,,Monstrul,,3.73,,,9786067197402,280,3,3/7/2020,,
208,1,1,Taylor Stevens,,Inocentii ,,3.89,,,,416,3,3/7/2020,,
209,1,1,James Dashner,,Cu ochii minții ,,3.84,,,,320,3,3/7/2020,,
210,1,1,Federico Axat,,Ultima scapare,,3.84,,,9786064000521,496,3,3/7/2020,,
211,1,1,Lauren Frankel,,Adevăr sau Provocare,,3.51,,,,368,3,3/7/2020,,
212,1,1,Mark Lawrence,,Prinţul Spinilor ,,3.84,,,9789737078315,392,3,3/7/2020,,
213,1,1,Luca D'Andrea,,Esența răului,,3.59,,,9786064000590,512,3,3/7/2020,,
214,1,1,Kevin Sands,,Cheia Maestrului,,4.16,,,9786067195309,336,3,3/7/2020,,
215,1,1,Patrick Ness,,Pe viață și pe moarte,,4.19,,,,536,3,3/7/2020,,
216,1,1,Jill Alexander Essbaum,,Casnica,,3.24,,,,,3,3/7/2020,,
217,1,1,Andrew Michael Hurley,,Ţinutul Loney,,3.27,,,9786067195408,376,3,3/7/2020,,
218,1,1,Matt Haig,,Băiatul Echo,,3.76,,,9786067192896,448,3,3/7/2020,,
219,1,1,Jenny Hubbard,,Zăpada mieilor,,3.44,,,9786067197020,240,3,3/7/2020,,
220,1,1,Keith Stuart,,Băiatul care voia să-și construiască lumea,,4.29,,,9786064000217,464,3,3/7/2020,,
221,1,1,A.J. Kazinski,,Somnul și moartea ,,3.95,,,9789737078735,608,3,3/7/2020,,
222,1,1,Arnaldur Indriðason,,Linistea mormantului,,3.96,,,9789737074553,336,3,3/7/2020,,
223,1,1,Anne Holt,,Fericiţi cei însetaţi,,3.6,,,9789737078841,264,3,3/7/2020,,
224,1,1,Marina Anderson,,Secrete întunecate ,,3.36,,,,200,3,3/7/2020,,
225,1,1,Lola Lafon,,Fetiţa care nu zâmbea niciodată,,3.73,,,9786067190601,296,3,3/7/2020,,
226,1,1,Arnaldur Indriðason,,Vocile,,3.87,,,9789737075352,376,3,3/7/2020,,
227,1,1,Michael A. Stackpole,,Talion: Revenantul,,4.17,,,9789737078216,624,3,3/7/2020,,
228,1,1,Salla Simukka,,Alb ca zăpada ,,3.47,,,9786067191745,192,3,3/7/2020,,
229,1,1,Félix J. Palma,,Harta cerului,,3.94,,,9789737076847,728,3,3/7/2020,,
230,1,1,Moïra Fowley-Doyle,,Sezonul accidentelor,,3.55,,,9786067199093,272,3,3/7/2020,,
231,1,1,Stoian G. Bogdan,,Nu Stiu Cate Zile,,3.55,,,9789737074256,188,3,3/7/2020,,
232,1,1,Jan Wallentin,,Steaua lui Strindberg,,2.7,,,9789737077486,544,3,3/7/2020,,
233,1,1,Lars Kepler,,Sub hipnoza   ,,3.74,,,9789737074065,664,3,3/7/2020,,
234,1,1,Harlan Ellison,,Viziuni periculoase,,4.17,,,9789737078674,800,3,3/7/2020,,
235,1,1,Johan Theorin,,Camera intunecata,,3.84,,,9789737074782,496,3,3/7/2020,,
236,1,1,Stephen King,,La miezul nopţii 1,,4.36,,,9789737070630,616,3,3/7/2020,,
237,1,1,Stephen King,,La miezul nopţii 2,,4.05,,,9789737072061,552,3,3/7/2020,,
238,1,1,Paul McAuley,,Copilul fluviului ,,3.7,,,9789737078988,456,3,3/7/2020,,
239,1,1,Alexander Söderberg,,Prietenul andaluz,,3.21,,,9789737077493,600,3,3/7/2020,,
240,1,1,Ciprian Măceșaru,,Portbagaj,,3.14,,,9786067190144,104,3,3/7/2020,,
241,1,1,Lloyd Jones,,Mister Pip,,3.68,,,9780385341066,256,3,3/7/2020,,
242,1,1,Danny Wallace,,Yes Man,,4.08,,,9781416918349,371,3,3/7/2020,,
243,1,1,Joël Dicker,,Cartea clanului din Baltimore,,4.12,,,9786067197600,488,3,3/7/2020,,
244,1,1,Yasmina Khadra,,Sirenele Bagdadului,,3.85,,,9789737072849,296,3,3/7/2020,,
245,1,1,Salla Simukka,,Negru ca abanosul ,,3.54,,,9786067197686,160,3,3/7/2020,,
246,1,1,Jean-Christophe Grangé,,Kaïken,,3.65,,,9782226243034,480,3,3/7/2020,,
247,1,1,Serge Brussolo,,Secțiune printr-un oraș bolnav,,3.56,,,9786067190908,248,3,3/7/2020,,
248,1,1,Erika Johansen,,Regina Adevărată ,,3.99,,,9786067191691,536,3,3/7/2020,,
249,1,1,Susan Ee,,Lumea de Apoi ,,4.15,,,9786067199314,392,3,3/7/2020,,
250,1,1,Jaroslav Kalfar,,Astronautul din Boemia,,3.81,,,,336,3,3/7/2020,,
251,1,1,E. Lockhart,,Impostoarea,,3.25,,,,288,3,3/7/2020,,
252,1,1,J.D. Horn,,Sursa ,,3.96,,,,440,3,3/7/2020,,
253,1,1,Patrick Ness,,Monștrii din oameni,,4.22,,,9786067198317,600,3,3/7/2020,,
254,1,1,Pierre Lemaitre,,Rosy & John ,,3.62,,,9782253175957,142,3,3/7/2020,,
255,1,1,J.D. Horn,,Bariera ,,3.82,,,,360,3,3/7/2020,,
256,1,1,Alexandra Bracken,,După asfințit ,,4.25,,,,624,3,3/7/2020,,
257,1,1,Alice Broadway,,Cerneală ,,3.58,,,9786064003218,336,3,3/7/2020,,
258,1,1,Kathryn Hughes,,Scrisoare pentru două iubiri,,4.05,,,,376,3,3/7/2020,,
259,1,1,James Dashner,,Controlul gandurilor ,,3.95,,,9786064001153,336,3,3/10/2020,,
260,1,1,Max Eisen,,Cu pretul vietii-O poveste despre curaj si supravietuire la Auschwitz,,4.56,,,9786060061366,256,3,3/7/2020,,
261,1,1,Gillian Flynn,,Locuri întunecate,,3.95,,,9786067191066,482,1,3/2/2020,3/7/2020,
262,1,1,Jeff Lindsay,,Dexter: Vise întunecate ,,3.9,,,9786069351086,273,1,3/2/2020,3/7/2020,
263,1,1,Jeff Lindsay,,Dragul și devotatul Dexter,,3.86,,,9786068673318,293,1,3/2/2020,3/7/2020,
264,1,1,Renée Knight,,Avertisment,,3.6,,,9786067192858,336,1,3/2/2020,3/7/2020,
265,1,1,Rodica Ojog-Braşoveanu,,Crimă prin mica publicitate,,3.66,,,,96,1,3/2/2020,3/7/2020,
266,1,1,Rick Yancey,,Ultima stea ,,3.61,,,,391,1,3/2/2020,3/7/2020,
267,1,1,Rick Yancey,,Marea nesfârşită ,,3.84,,,9786069396209,384,1,3/2/2020,3/7/2020,
268,1,1,Rick Yancey,,Al cincilea val ,,4.01,,,9786069363195,530,1,3/2/2020,3/7/2020,
269,1,1,Rodica Ojog-Braşoveanu,,Apel din necunoscut,,4.16,,,9786065793132,303,1,3/2/2020,3/7/2020,
270,1,1,Philip Roth,,Pata umană,,3.91,,,9789736812422,480,1,3/2/2020,3/7/2020,
271,1,1,Rodica Ojog-Braşoveanu,,Moartea semnează indescifrabil,,4.13,,,,270,1,3/2/2020,3/7/2020,
272,1,1,Rodica Ojog-Braşoveanu,,Omul de la capătul firului,,4.02,,,,,1,3/2/2020,3/7/2020,
273,1,1,Truman Capote,,Cu sânge rece,,4.09,,,,421,1,3/2/2020,3/7/2020,
274,1,1,Jay Asher,,Cele treisprezece motive,,3.85,,,9789731024462,320,1,3/2/2020,3/7/2020,
275,1,1,Josh Malerman,,Bird Box: Orbește,,4.04,,,9786067935646,352,1,3/2/2020,3/7/2020,
276,1,1,Shirley Jackson,,Casa bântuită,,3.82,,,9786063337833,246,1,3/2/2020,3/7/2020,
277,1,1,Gillian Flynn,,Obiecte ascuţite,,4.02,,,9789737332301,240,1,3/2/2020,3/7/2020,
278,1,1,E.O. Chirovici,,Cartea oglinzilor,,3.5,,,9786067762075,298,1,3/2/2020,3/7/2020,
279,1,1,Jeffery Deaver,,Omul disparut ,,4.1,,,9789734607327,624,1,3/2/2020,3/7/2020,
280,1,1,Stephen King,,Misery,,4.21,,,9789731432335,416,1,3/2/2020,3/7/2020,
281,1,1,Anne Holt,,Eroare judiciară,,3.72,,,9789737073129,448,1,3/2/2020,3/7/2020,
282,1,1,Jack Ross,,Recviem,,4.33,,,,,1,3/2/2020,3/7/2020,
283,1,1,P.J. Tracy,,Momeala vie,,4.06,,,9786068255613,384,1,3/2/2020,3/7/2020,
284,1,1,James Patterson,,Detectivul Alex Cross,,4.04,,,9786066093101,,1,3/2/2020,3/7/2020,
285,1,1,Michael Cordy,,Lucifer,,3.74,,,9789731034270,384,1,3/2/2020,3/7/2020,
286,1,1,William Diehl,,Cameleonul,,3.7,,,,460,3,3/7/2020,,
287,1,1,Truman Capote,,Breakfast at Tiffany's and Three Stories,,3.85,,,,142,3,3/7/2020,,
288,1,1,Truman Capote,,"The Grass Harp, Including A Tree of Night and Other Stories",,4.01,,,9780679745570,272,3,3/7/2020,,
289,1,1,Truman Capote,,The Complete Stories of Truman Capote,,4.19,,,9781400096916,320,3,3/7/2020,,
290,1,1,Tom Gabbay,,The Tehran Conviction ,,3.84,,,9780061188459,282,3,3/7/2020,,
291,1,1,Tom Gabbay,,The Lisbon Crossing ,,3.61,,,9780061188435,310,3,3/7/2020,,
292,1,1,Stephen King,,Jocul lui Gerald,,3.57,,,9789731431253,369,3,3/7/2020,,
293,1,1,Stephen King,,The Little Sisters of Eluria,,4.19,,,9781880418734,312,3,3/7/2020,,
294,1,1,Stephen King,,Lisey's Story,,3.7,,,9780743289412,513,3,3/7/2020,,
295,1,1,Stephen King,,Elevation,,3.65,,,9781982102319,146,3,3/7/2020,,
296,1,1,Stephen King,,The Wind Through the Keyhole ,,4.14,,,,322,3,3/7/2020,,
297,1,1,Stephen King,,Nightmares and Dreamscapes,,3.95,,,9780450610097,836,3,3/7/2020,,
298,1,1,Stephen King,,Hearts in Atlantis,,3.85,,,9780340818671,640,3,3/7/2020,,
299,1,1,Stephen King,,End of Watch ,,4.1,,,9781501129742,432,3,3/7/2020,,
300,1,1,Stephen King,,The Institute,,4.2,,,,561,3,3/7/2020,,
301,1,1,Stephen King,,Rose Madder,,3.75,,,,595,3,3/7/2020,,
302,1,1,Stephen King,,Revival,,3.8,,,9781476770383,405,3,3/7/2020,,
303,1,1,Stephen King,,"Full Dark, No Stars",,4.08,,,9781439192566,368,3,3/7/2020,,
304,1,1,Stephen King,,Four Past Midnight,,3.95,,,,930,3,3/7/2020,,
305,1,1,Stephen King,,Duma Key,,3.97,,,9781416552512,611,3,3/7/2020,,
306,1,1,Stephen King,,The Eyes of the Dragon,,3.94,,,,427,3,3/7/2020,,
307,1,1,Stephen King,,Finders Keepers ,,4.06,,,9781501100079,434,3,3/7/2020,,
308,1,1,Stephen King,,Joyland,,3.93,,,9781781162644,285,3,3/7/2020,,
309,1,1,Stephen King,,Skeleton Crew,,3.97,,,9780751504385,612,3,3/7/2020,,
310,1,1,Stephen King,,The Tommyknockers,,3.59,,,,747,3,3/7/2020,,
311,1,1,Stephen King,,The Mist,,3.94,,,,176,3,3/7/2020,,
312,1,1,Stephen King,,Desperation,,3.85,,,,547,3,3/7/2020,,
313,1,1,Stephen King,,The Girl Who Loved Tom Gordon,,3.63,,,9781416524298,264,3,3/7/2020,,
314,1,1,Stephen King,,The Dark Half,,3.8,,,9780450524684,469,3,3/7/2020,,
315,1,1,Stephen King,,Dolores Claiborne,,3.92,,,9781101138175,384,3,3/7/2020,,
316,1,1,Stephen King,,Song of Susannah ,,3.99,,,,544,3,3/7/2020,,
317,1,1,Stephen King,,Insomnia,,3.83,,,9788497597722,896,3,3/7/2020,,
318,1,1,Stephen King,,Night Shift,,4.03,,,,409,3,3/7/2020,,
319,1,1,Stephen King,,Dreamcatcher,,3.65,,,9782226131904,688,3,3/7/2020,,
320,1,1,Stephen King,,The Dark Tower ,,4.28,,,,1050,3,3/7/2020,,
321,1,1,Stephen King,,Wolves of the Calla ,,4.19,,,9781416516934,960,3,3/7/2020,,
322,1,1,Stephen King,,Bag of Bones,,3.92,,,9780671024239,736,3,3/7/2020,,
323,1,1,Stephen King,,Wizard and Glass ,,4.26,,,9780340829783,845,3,3/7/2020,,
324,1,1,Stephen King,,The Dead Zone,,3.96,,,9780451155757,402,3,3/7/2020,,
325,1,1,Stephen King,,Cell,,3.66,,,9781416524519,449,3,3/7/2020,,
326,1,1,Stephen King,,Firestarter,,3.91,,,,564,3,3/7/2020,,
327,1,1,Stephen King,,Christine,,3.84,,,9782253147695,411,3,3/7/2020,,
328,1,1,Stephen King,,Different Seasons,,4.35,,,9780751514629,560,3,3/7/2020,,
329,1,1,Stephen King,,The Waste Lands ,,4.25,,,9780670032563,590,3,3/7/2020,,
330,1,1,Stephen King,,Needful Things,,3.97,,,,790,3,3/7/2020,,
331,1,1,Stephen King,,Cujo,,3.78,,,9780307348241,432,3,3/7/2020,,
332,1,1,Stephen King,,Mr. Mercedes ,,4.01,,,9781476754451,437,3,3/7/2020,,
333,1,1,Stephen King,,The Drawing of the Three ,,4.23,,,9780451210852,463,3,3/7/2020,,
334,1,1,Stephen King,,On Writing: A Memoir of the Craft,,4.34,,,9780743455961,320,3,3/7/2020,,
335,1,1,Stephen King,,Under the Dome,,3.92,,,9781439148501,1074,3,3/7/2020,,
336,1,1,Stephen King,,The Stand,,4.35,,,,1152,3,3/7/2020,,
337,1,1,Stephen King,,The Green Mile,,4.48,,,9780451933027,592,3,3/7/2020,,
338,1,1,Stephen King,,’Salem’s Lot,,4.06,,,9780450031069,483,3,3/7/2020,,
339,1,1,Stephen King,,11/22/63,,4.33,,,9781451627282,849,3,3/7/2020,,
340,1,1,Stephen King,,The Gunslinger ,,3.92,,,,231,3,3/7/2020,,
341,1,1,Stephen Booth,,Fall Down Dead ,,3.92,,,9780751567618,384,3,3/7/2020,,
342,1,1,Stephen Booth,,Dead in the Dark ,,3.82,,,,295,3,3/7/2020,,
343,1,1,Stephen Booth,,Secrets of Death ,,3.73,,,,400,3,3/7/2020,,
344,1,1,Stephen Booth,,The Murder Road ,,3.78,,,9780751559941,416,3,3/7/2020,,
345,1,1,Stephen Booth,,The Corpse Bridge ,,3.79,,,,401,3,3/7/2020,,
346,1,1,Stephen Booth,,Already Dead ,,3.79,,,9780751551716,384,3,3/7/2020,,
347,1,1,Stephen Booth,,Dead and Buried ,,3.92,,,9781847444813,384,3,3/7/2020,,
348,1,1,Stephen Booth,,Claws ,,3.57,,,9781905512249,96,3,3/7/2020,,
349,1,1,Stephen Booth,,The Devil's Edge ,,3.76,,,9781847444790,344,3,3/7/2020,,
350,1,1,Stephen Booth,,Lost River ,,3.78,,,9780007243488,360,3,3/7/2020,,
351,1,1,Stephen Booth,,Dying to Sin ,,3.92,,,9780007243426,408,3,3/7/2020,,
352,1,1,Stephen Booth,,The Kill Call ,,3.81,,,9780007243457,408,3,3/7/2020,,
353,1,1,Stephen Booth,,Scared to Live ,,3.85,,,9780007172108,630,3,3/7/2020,,
354,1,1,Stephen Booth,,One Last Breath ,,3.87,,,9780440242703,560,3,3/7/2020,,
355,1,1,Stephen Booth,,Blind To The Bones ,,3.84,,,9780440242901,608,3,3/7/2020,,
356,1,1,Stephen Booth,,Blood on the Tongue ,,3.93,,,9780743457835,480,3,3/7/2020,,
357,1,1,Stephen Booth,,Dancing with the Virgins ,,3.84,,,9780743431002,528,3,3/7/2020,,
358,1,1,Ruth Ware,,Huis te koop,,3.29,,,9789024581788,17,3,3/7/2020,,
359,1,1,Ruth Ware,,The Turn of the Key,,3.92,,,9781501188770,337,3,3/7/2020,,
360,1,1,Ruth Ware,,The Lying Game,,3.53,,,9781501156007,370,3,3/7/2020,,
361,1,1,Ruth Ware,,The Woman in Cabin 10,,3.74,,,9781501132933,341,3,3/7/2020,,
362,1,1,Ruth Ware,,"In a Dark, Dark Wood",,3.72,,,9781501112331,308,3,3/7/2020,,
363,1,1,Robert Ludlum,,The Icarus Agenda,,3.98,,,9780553278002,678,3,3/7/2020,,
364,1,1,Robert Ludlum Stephen Gilpin,,The Matarese Countdown ,,3.9,,,9780752858456,576,3,3/7/2020,,
365,1,1,Robert Ludlum,,The Matarese Circle ,,4.07,,,9780752858555,544,3,3/7/2020,,
366,1,1,Eric Van Lustbader,,The Bourne Initiative ,,3.81,,,9781455598014,432,3,3/7/2020,,
367,1,1,Eric Van Lustbader,,The Bourne Enigma ,,3.85,,,9781455597949,420,3,3/7/2020,,
368,1,1,Eric Van Lustbader,,The Bourne Ascendancy ,,3.93,,,9781455577538,454,3,3/7/2020,,
369,1,1,Eric Van Lustbader,,The Bourne Retribution ,,4.02,,,9781409149248,432,3,3/7/2020,,
370,1,1,Eric Van Lustbader,,The Bourne Imperative ,,3.89,,,9780446564472,435,3,3/7/2020,,
371,1,1,Eric Van Lustbader,,The Bourne Objective ,,4.08,,,9780446539814,437,3,3/7/2020,,
372,1,1,Eric Van Lustbader,,The Bourne Dominion ,,3.94,,,9780446564441,421,3,3/7/2020,,
373,1,1,Eric Van Lustbader,,The Bourne Deception ,,4.03,,,9780446539821,423,3,3/7/2020,,
374,1,1,Eric Van Lustbader,,The Bourne Sanction ,,3.9,,,9780446539869,484,3,3/7/2020,,
375,1,1,Eric Van Lustbader,,The Bourne Betrayal ,,3.9,,,9780446580373,486,3,3/7/2020,,
376,1,1,Robert Ludlum,,The Bourne Ultimatum ,,4.07,,,9780752858494,725,3,3/7/2020,,
377,1,1,Robert Ludlum,,The Bourne Supremacy ,,4.11,,,9780752863887,688,3,3/7/2020,,
378,1,1,Rick Yancey,,The Thirteenth Skull ,,3.9,,,9781599901145,304,3,3/7/2020,,
379,1,1,Rick Yancey,,The Extraordinary Adventures of Alfred Kropp ,,3.76,,,9781582346939,375,3,3/7/2020,,
380,1,1,Rick Yancey,,The Seal of Solomon ,,3.89,,,9781599900452,336,3,3/7/2020,,
381,1,1,Rick Yancey,,The Final Descent ,,3.8,,,9781442451551,320,3,3/7/2020,,
382,1,1,Rick Yancey,,The Isle of Blood ,,4.23,,,9781416984528,538,3,3/7/2020,,
383,1,1,Rick Yancey,,The Curse of the Wendigo ,,4.17,,,9781416984504,424,3,3/7/2020,,
384,1,1,Rick Yancey,,The Monstrumologist ,,3.91,,,9781416984481,434,3,3/7/2020,,
385,1,1,Richard Matheson,,Duel,,4.03,,,9780312878269,400,3,3/7/2020,,
386,1,1,Richard Matheson,,Road Rage,,3.92,,,9780061726354,120,3,3/7/2020,,
387,1,1,Richard Matheson,,The Shrinking Man,,3.78,,,9780575074637,201,3,3/7/2020,,
388,1,1,Richard Matheson,,Somewhere In Time,,3.85,,,9780312868864,316,3,3/7/2020,,
389,1,1,Richard Matheson,,"Nightmare at 20,000 Feet: Horror Stories",,4.07,,,9780312878276,336,3,3/7/2020,,
390,1,1,Richard Matheson,,What Dreams May Come,,3.95,,,9780765308702,288,3,3/7/2020,,
391,1,1,Richard Matheson,,A Stir of Echoes,,3.86,,,9780765308719,224,3,3/7/2020,,
392,1,1,Richard Matheson,,Hell House,,3.75,,,9780727860996,301,3,3/7/2020,,
393,1,1,Raymond Khoury,,Rasputin's Shadow ,,3.69,,,9780525953135,416,3,3/7/2020,,
394,1,1,Raymond Khoury,,The End Game ,,3.92,,,9781409143833,416,3,3/7/2020,,
395,1,1,Raymond Khoury,,The Devil's Elixir ,,3.75,,,9780525952435,384,3,3/7/2020,,
396,1,1,Ransom Riggs,,The Desolations of Devil's Acre ,,4.23,,,,528,3,3/7/2020,,
397,1,1,Ransom Riggs,,The Conference of the Birds ,,4.09,,,9780735231511,400,3,3/7/2020,,
398,1,1,Ransom Riggs,,A Map of Days ,,4.12,,,9780735231481,496,3,3/7/2020,,
399,1,1,P.J. Tracy,,Ice Cold Heart ,,4.13,,,9780241345825,384,3,3/7/2020,,
400,1,1,P.J. Tracy,,The Guilty Dead ,,4.09,,,9781683318583,325,3,3/7/2020,,
401,1,1,P.J. Tracy,,Nothing Stays Buried ,,4.14,,,9780735212459,308,3,3/7/2020,,
402,1,1,P.J. Tracy,,The Sixth Idea ,,3.98,,,9780399169359,306,3,3/7/2020,,
403,1,1,P.J. Tracy,,Off the Grid ,,3.87,,,9780399158049,320,3,3/7/2020,,
404,1,1,P.J. Tracy,,Snow Blind ,,3.96,,,9780399153396,320,3,3/7/2020,,
405,1,1,P.J. Tracy,,Shoot to Thrill ,,3.96,,,9780399155208,308,3,3/7/2020,,
406,1,1,P.J. Tracy,,Monkeewrench ,,4.12,,,9780451211576,421,3,3/7/2020,,
407,1,1,N.K. Jemisin,,The Stone Sky ,,4.35,,,,416,3,3/7/2020,,
408,1,1,Mons Kallentoft,,Spring Remains,,3.7,,,9781451642711,480,3,3/7/2020,,
409,1,1,Mons Kallentoft,,Summer Death ,,3.58,,,9781451642544,464,3,3/7/2020,,
410,1,1,Marian Coman,,Haiganu. Tristețea zeilor,,0,,,,,3,3/7/2020,,
411,1,1,Marian Coman,,Haiganu. Furia Oarbă ,,4.35,,,9786069364079,240,3,3/7/2020,,
412,1,1,Margaret Atwood,,Inima cedează ultima,,3.39,,,9786067106398,496,3,3/2/2020,,
413,1,1,Jeffery Deaver,,Solitude Creek ,,3.91,,,9781455517152,456,3,3/7/2020,,
414,1,1,Jeffery Deaver,,XO ,,3.79,,,,385,3,3/7/2020,,
415,1,1,Jeffery Deaver,,The Sleeping Doll ,,3.94,,,9780340833841,448,3,3/7/2020,,
416,1,1,Jeffery Deaver,,The Cutting Edge ,,4.06,,,9781455536429,434,3,3/7/2020,,
417,1,1,Jeffery Deaver,,The Burial Hour ,,3.87,,,9781455536375,480,3,3/7/2020,,
418,1,1,Jeffery Deaver,,The Deliveryman ,,3.86,,,,75,3,3/7/2020,,
419,1,1,Jeffery Deaver,,A Textbook Case ,,3.93,,,9781455526833,45,3,3/7/2020,,
420,1,1,James Patterson,,Criss Cross ,,4.26,,,9781473563049,400,3,3/7/2020,,
421,1,1,James Patterson,,Target: Alex Cross ,,4.11,,,,414,3,3/7/2020,,
422,1,1,James Patterson,,The People vs. Alex Cross ,,4.23,,,,432,3,3/7/2020,,
423,1,1,James Patterson,,Detective Cross ,,4.11,,,,145,3,3/7/2020,,
424,1,1,James Patterson,,Cross the Line ,,4.08,,,9781784752026,400,3,3/7/2020,,
425,1,1,James Patterson,,Cross Kill ,,3.93,,,9780316317146,113,3,3/7/2020,,
426,1,1,James Patterson,,Cross Justice ,,4.26,,,9780316407137,528,3,3/7/2020,,
427,1,1,James Patterson,,"Alex Cross, Run ",,4.1,,,9780316097529,416,3,3/7/2020,,
428,1,1,James Patterson,,"Merry Christmas, Alex Cross ",,3.92,,,9780316210737,352,3,3/7/2020,,
429,1,1,James Patterson,,Kill Alex Cross ,,4.06,,,9781846057649,375,3,3/7/2020,,
430,1,1,James Patterson,,Cross Fire ,,4.11,,,9780316036177,356,3,3/7/2020,,
431,1,1,James Patterson,,"I, Alex Cross ",,4.04,,,9780316018784,400,3,3/7/2020,,
432,1,1,James Patterson,,Double Cross ,,4.04,,,9780316015059,389,3,3/7/2020,,
433,1,1,James Patterson,,Cross Country ,,3.88,,,9780316024648,480,3,3/7/2020,,
434,1,1,James Patterson,,"Mary, Mary ",,3.99,,,9780446619035,413,3,3/7/2020,,
435,1,1,James Patterson,,London Bridges ,,3.96,,,9780446613354,403,3,3/7/2020,,
436,1,1,James Patterson,,The Big Bad Wolf  ,,4.03,,,9780446610223,400,3,3/7/2020,,
437,1,1,James Patterson,,Four Blind Mice ,,4.03,,,9780747266921,416,3,3/7/2020,,
438,1,1,James Patterson,,Violets Are Blue ,,3.99,,,9780446611213,391,3,3/7/2020,,
439,1,1,James Patterson,,Roses Are Red ,,4.07,,,9780446605489,416,3,3/7/2020,,
440,1,1,James Patterson,,Pop Goes the Weasel ,,4.03,,,9780446608817,461,3,3/7/2020,,
441,1,1,James Patterson,,Cat & Mouse ,,4.02,,,,416,3,3/7/2020,,
442,1,1,James Patterson,,Along Came a Spider ,,4.13,,,9780446692632,449,3,3/7/2020,,
443,1,1,James Patterson,,Jack & Jill ,,3.99,,,9780446692656,466,3,3/7/2020,,
444,1,1,James Patterson,,Kiss the Girls ,,3.99,,,9780446677387,481,3,3/7/2020,,
445,1,1,Jack Whyte,,Order in Chaos ,,3.95,,,9780399155772,560,3,3/7/2020,,
446,1,1,Jack Whyte,,Standard of Honor ,,3.89,,,9780670045143,540,3,3/7/2020,,
447,1,1,Dmitry Glukhovsky,,Metro 2033 ,,4.02,,,9781481845700,458,3,3/7/2020,,
448,1,1,Dmitry Glukhovsky,,Metro 2035 ,,3.94,,,9781539930723,497,3,3/7/2020,,
449,1,1,Dmitry Glukhovsky,,Metro 2034 ,,3.51,,,9783453533011,526,3,3/7/2020,,
450,1,1,Craig Russell,,The Ghosts of Altona ,,4.05,,,9781780874920,432,3,3/7/2020,,
451,1,1,Craig Russell,,A Fear Of Dark Water ,,3.86,,,9780091921460,352,3,3/7/2020,,
452,1,1,Craig Russell,,The Valkyrie Song ,,4.07,,,9780091921446,416,3,3/7/2020,,
453,1,1,Russell Craig,,The Carnival Master ,,3.92,,,9780099522645,441,3,3/7/2020,,
454,1,1,Craig Russell,,Brother Grimm ,,3.89,,,9780099484226,448,3,3/7/2020,,
455,1,1,Craig Russell,,Blood Eagle ,,3.78,,,9780099472582,482,3,3/7/2020,,
456,1,1,Andrew Gross,,One Mile Under ,,3.86,,,9780061655999,396,3,3/7/2020,,
457,1,1,Andrew Gross,,Reckless ,,3.83,,,9780061655951,401,3,3/7/2020,,
458,1,1,Andrew Gross,,Don't Look Twice ,,3.79,,,9780061143441,376,3,3/7/2020,,
459,1,1,Alex Berenson,,The Prisoner ,,4.21,,,,430,3,3/7/2020,,
460,1,1,Alex Berenson,,The Wolves ,,4.08,,,9780399176142,389,3,3/7/2020,,
461,1,1,Alex Berenson,,Twelve Days ,,4.08,,,9780399159749,422,3,3/7/2020,,
462,1,1,Alex Berenson,,The Night Ranger ,,4.08,,,9780399159725,387,3,3/7/2020,,
463,1,1,Alex Berenson,,The Shadow Patrol ,,4.13,,,9780399158292,400,3,3/7/2020,,
464,1,1,Alex Berenson,,The Secret Soldier  ,,4.16,,,9780399157080,401,3,3/7/2020,,
465,1,1,Alex Berenson,,The Midnight House ,,4.03,,,9780399156205,385,3,3/7/2020,,
466,1,1,Alex Berenson,,The Ghost War ,,4.05,,,9780399154539,383,3,3/7/2020,,
467,1,1,Jeffery Deaver,,Edge,,4,,,9781439195956,416,3,3/2/2020,,
468,1,1,Jeffery Deaver,,The Steel Kiss ,,4.05,,,9781455536344,486,3,3/2/2020,,
469,1,1,Jeffery Deaver,,The Kill Room ,,3.9,,,9781444757330,456,3,3/2/2020,,
470,1,1,Jeffery Deaver,,The Skin Collector  ,,3.99,,,9781455517138,430,3,3/2/2020,,
471,1,1,Jeffery Deaver,,The Burning Wire ,,4.05,,,9781439156339,414,3,3/2/2020,,
472,1,1,Patricia Cornwell,,Trace ,,3.82,,,9780425204207,401,3,3/2/2020,,
473,1,1,M.J. Arlidge,,Ghici cine moare primul,,3.95,,,9786067191721,408,3,3/2/2020,,
474,1,1,John Grisham,,Campionul din Arkansas,,3.75,,,9789731035635,448,3,3/2/2020,,
475,1,1,Meg Gardiner,,Lantul de crime ,,3.89,,,9786068631288,352,3,3/2/2020,,
476,1,1,B.A. Paris,,În spatele ușilor închise,,3.98,,,,304,3,3/2/2020,,
477,1,1,James Rayburn,,Adevărul absolut,,3.84,,,9786069418581,352,3,3/2/2020,,
478,1,1,Haylen Beck,,Dispariția din Silver Water,,3.99,,,9786067631302,352,3,3/2/2020,,
479,1,1,Jeffrey Archer,,Ai grija ce-ti doresti ,,4.12,,,,448,3,3/2/2020,,
480,1,1,Mikkel Birkegaard,,Condamnat la moarte,,2.79,,,9789734625406,352,3,3/2/2020,,
481,1,1,Mikkel Birkegaard,,Biblioteca umbrelor,,3.39,,,9789734619863,504,3,3/2/2020,,
482,1,1,Jeffery Deaver,,Gradina fiarelor,,3.89,,,9786066093132,537,3,3/2/2020,,
483,1,1,Jeffery Deaver,,A douasprezecea carte ,,3.99,,,9786066090391,474,3,3/2/2020,,
484,1,1,Jeffery Deaver,,Dansand cu moartea ,,4.16,,,9786068255927,480,3,3/2/2020,,
485,1,1,Jeffery Deaver,,Fereastra sparta ,,4.09,,,9786066092975,544,3,3/2/2020,,
486,1,1,Jeffery Deaver,,Luna rece ,,4.06,,,9789731032177,448,3,3/2/2020,,
487,1,1,Jeffery Deaver,,Colectionarul de oase ,,4.2,,,9789734602254,560,3,3/2/2020,,
488,1,1,Jeffery Deaver,,Scaunul gol,,4.07,,,9789731036304,512,3,3/2/2020,,
489,1,1,Jeffery Deaver,,Maimuta de piatra ,,3.97,,,9789735400408,480,3,3/2/2020,,
490,1,1,Patricia Cornwell,,Cartea morților,,3.69,,,9789731432939,576,3,3/2/2020,,
491,1,1,Patricia Cornwell,,Ratiuni criminale,,3.72,,,9789735699222,448,3,3/2/2020,,
492,1,1,Brandon Sanderson,,Eroul evurilor ,,4.53,,,9786067194760,824,3,3/2/2020,,
493,1,1,Brandon Sanderson,,Fântâna Înălţării ,,4.38,,,9786067194012,862,3,3/2/2020,,
494,1,1,Brandon Sanderson,,Ultimul imperiu ,,4.48,,,9789737078230,816,3,3/2/2020,,
495,1,1,Paula Hawkins,,În ape adânci,,3.59,,,9786064001146,432,3,3/2/2020,,
496,1,1,Marc Levy,,Ea și El,,3.71,,,,320,3,3/2/2020,,
497,1,1,Brandon Sanderson,,Aliați în Slujba Dreptății ,,4.21,,,9786064003041,376,3,3/2/2020,,
498,1,1,John Fowles,,Magicianul,,4.05,,,9789734636808,751,3,3/2/2020,,
499,1,1,Rodica Ojog-Braşoveanu,,Întâlnire la Elysée ,,3.84,,,9786067583113,0,3,3/2/2020,,
500,1,1,Joël Dicker,,Adevărul despre cazul Harry Quebert,,4.18,,,9789737077530,656,3,3/2/2020,,
501,1,1,Agatha Christie,,Misterioasa afacere de la Styles ,,4,,,9786066091046,216,3,3/2/2020,,
502,1,1,Rodica Ojog-Braşoveanu,,Al cincilea as,,4.19,,,9789731432533,342,3,3/2/2020,,
503,1,1,Rodica Ojog-Braşoveanu,,Poveste imorală,,4.22,,,9789731432540,480,3,3/2/2020,,
504,1,1,Éric-Emmanuel Schmitt,,Omul care vedea dincolo de chipuri,,3.77,,,9786067793796,304,3,3/2/2020,,
505,1,1,Brandon Sanderson,,Umbra sinelui ,,4.28,,,9786064005946,432,3,3/2/2020,,
506,1,1,Stephen King,,Carrie,,3.98,,,9781416524304,272,3,3/2/2020,,
507,1,1,Rodica Ojog-Braşoveanu,,Cianură pentru un surâs ,,4.35,,,,222,3,3/2/2020,,
508,1,1,Rodica Ojog-Braşoveanu,,320 de pisici negre ,,4.35,,,,288,3,3/2/2020,,
509,1,1,Rodica Ojog-Braşoveanu,,O bombă pentru Revelion,,4.17,,,,246,3,3/2/2020,,
510,1,1,Neil Gaiman,,Oceanul de la capătul aleii,,4.02,,,9789731249001,195,3,3/2/2020,,
511,1,1,N.K. Jemisin,,Al cincilea anotimp ,,4.31,,,9786068673660,462,3,3/2/2020,,
512,1,1,N.K. Jemisin,,Poarta Obeliscului ,,4.31,,,9786068673967,408,3,3/2/2020,,
513,1,1,Martin McDonagh,,"Three Billboards Outside Ebbing, Missouri",,4.04,,,9780571345304,96,3,3/2/2020,,
514,1,1,Andrew Gross,,Singurul om,,4.32,,,9786068965055,460,3,3/2/2020,,
515,1,1,Victoria Aveyard,,Regina Roșie ,,4.01,,,9786067584660,472,3,3/2/2020,,
516,1,1,Gillian Flynn,,Fata dispărută,,4.13,,,,616,3,3/2/2020,,
517,1,1,Victoria Aveyard,,Sabia de sticlă ,,3.8,,,9786067589016,544,3,3/2/2020,,
518,1,1,Victoria Aveyard,,Colivia regelui,,3.91,,,,608,3,3/2/2020,,
519,1,1,Veronica Roth,,Divergent ,,4.14,,,9780062024039,487,3,3/2/2020,,
520,1,1,Veronica Roth,,Insurgent ,,3.97,,,9780007442911,525,3,3/2/2020,,
521,1,1,Veronica Roth,,Allegiant ,,3.6,,,9780007524273,531,3,3/2/2020,,
522,1,1,Anthony Doerr,,Toată lumina pe care nu o putem vedea,,4.32,,,9786067790542,464,3,3/2/2020,,
523,1,1,Carlos Ruiz Zafón,,Palatul de la Miazănoapte,,3.63,,,9789734622573,246,3,3/2/2020,,
524,1,1,Kurt Vonnegut Jr.,,Abatorul cinci,,4.1,,,9789731249759,198,3,3/2/2020,,
525,1,1,Stephenie Meyer,,Chimista,,3.76,,,,608,3,3/2/2020,,
526,1,1,Marc Levy,,Prima zi,,3.81,,,9789737073310,488,3,3/2/2020,,
527,1,1,John Fowles,,Colecționarul,,3.98,,,9789734626601,291,3,3/2/2020,,
528,1,1,Marian Coman,,Haiganu. Fluviul Șoaptelor ,,4.22,,,9786069364048,256,3,3/2/2020,,
529,1,1,Lyudmila Ulitskaya,,Scara lui Iakov,,4.25,,,9786067794274,584,3,3/2/2020,,
530,1,1,Carlos Ruiz Zafón,,Umbra vântului ,,4.3,,,,488,3,3/2/2020,,
531,1,1,Carlos Ruiz Zafón,,Jocul îngerului,,4,,,9789734613892,472,3,3/2/2020,,
532,1,1,Carlos Ruiz Zafón,,Prizonierul cerului ,,4.12,,,9789734640515,248,3,3/2/2020,,
533,1,1,Carlos Ruiz Zafón,,Labirintul spiritelor ,,4.53,,,9789734671472,896,3,3/2/2020,,
534,1,1,S.J. Watson,,Înainte să adorm,,3.9,,,9789737075147,440,3,3/2/2020,,
535,1,1,Robert Galbraith,,Carieră malefică ,,4.22,,,9786067197334,644,3,3/2/2020,,
536,1,1,Robert Galbraith,,Chemarea cucului ,,3.88,,,9789737078803,616,3,3/2/2020,,
537,1,1,Robert Galbraith,,Viermele de mătase ,,4.05,,,9786067191806,640,3,3/2/2020,,
538,1,1,Robert Galbraith,,Alb letal,,4.24,,,9786064006424,832,3,3/2/2020,,
539,1,1,Philip Roth,,Pastorala americană,,3.94,,,9789734614677,584,3,3/2/2020,,
540,1,1,Stephen King,,The Shining ,,4.27,,,9780450040184,497,3,3/2/2020,,
541,1,1,Stephen King,,Doctor Sleep ,,4.13,,,9781476727653,531,3,3/2/2020,,
542,1,1,Stephen King,,Străinul,,4.01,,,,704,3,3/2/2020,,
543,1,1,Stephen King,,Frumoasele adormite,,3.73,,,,840,3,3/2/2020,,
544,1,1,Stephen King,,It,,4.24,,,9780450411434,1168,3,3/2/2020,,
545,1,1,Dan Brown,,Conspiraţia,,3.75,,,9786068255262,512,3,3/2/2020,,
546,1,1,Dan Brown,,Fortăreaţa digitală,,3.69,,,9789735400637,448,3,3/2/2020,,
547,1,1,Dan Brown,,Origini,,3.89,,,9786068905495,530,3,3/2/2020,,
548,1,1,Dan Brown,,Inferno ,,3.88,,,9780385538176,463,3,3/2/2020,,
549,1,1,Dan Brown,,Simbolul pierdut,,3.75,,,9789735401399,477,3,3/2/2020,,
550,1,1,Éric-Emmanuel Schmitt,,Noaptea de foc,,3.84,,,9786067791037,200,3,3/2/2020,,
551,1,1,Agatha Christie,,Zece Negrii Mititei,,4.28,,,,224,3,3/2/2020,,
552,1,1,Agatha Christie,,Crima din Orient Express ,,4.2,,,9789731035628,250,3,3/2/2020,,
553,1,1,Paula Hawkins,,Fata din tren,,3.96,,,,408,3,3/2/2020,,
554,1,1,John Grisham,,Informatorul,,3.96,,,9786060060222,384,3,3/2/2020,,
555,1,1,Neil Gaiman,,Zei americani,,4.11,,,,640,3,3/2/2020,,
556,1,1,Stephen King,,Talismanul,,4.12,,,9786068073514,736,3,3/2/2020,,
557,1,1,Andrew Gross,,Vălul întunecat ,,3.73,,,9789734706709,496,3,3/2/2020,,
558,1,1,Stephen King,,Casa întunericului,,4.03,,,9789731430812,752,3,3/2/2020,,
559,1,1,Stephen King,,Cimitirul animalelor,,4.06,,,9789735697617,432,3,3/2/2020,,
560,1,1,Dean Koontz,,Fara indurare,,3.77,,,9786066004008,413,3,3/2/2020,,
561,1,1,Håkan Nesser,,Întoarcerea,,3.7,,,9789737075369,240,3,3/2/2020,,
562,1,1,Yrsa Sigurdardottir,,Zile întunecate,,3.69,,,9789737075383,378,3,3/2/2020,,
563,1,1,Anders Roslund,,Răzbunarea lui Finnigan,,3.75,,,9789737075161,357,3,3/2/2020,,
564,1,1,Camilla Läckberg,,Piază rea ,,3.81,,,9789737075260,360,3,3/2/2020,,
565,1,1,Liza Marklund,,Prime-Time ,,3.38,,,9789737075451,374,3,3/2/2020,,
566,1,1,Kjell Ola Dahl,,Al patrulea...,,3.61,,,9789737074607,292,3,3/2/2020,,
567,1,1,Liza Marklund,,Explozii în Stockholm,,3.46,,,9789737074454,384,3,3/2/2020,,
568,1,1,Håkan Nesser,,Cu ochii mintii ,,3.59,,,9789737074614,256,3,3/2/2020,,
569,1,1,Stieg Larsson,,Fata care s-a jucat cu focul ,,4.25,,,9789737072634,757,3,3/2/2020,,
570,1,1,Stieg Larsson,,Castelul din nori s-a sfărâmat ,,4.24,,,9789737073044,853,3,3/2/2020,,
571,1,1,Stieg Larsson,,Bărbați care urăsc femeile,,4.17,,,9789737074089,688,3,3/2/2020,,
572,1,1,Mons Kallentoft,,Sacrificiul din miezul iernii,,3.5,,,9789737074522,416,3,3/2/2020,,
573,1,1,Johan Theorin,,Ecouri de dincolo de moarte,,3.8,,,9789737074560,391,3,3/2/2020,,
574,1,1,Camilla Läckberg,,Prinţesa gheţurilor,,3.76,,,9789737074430,352,3,3/2/2020,,
575,1,1,Alex Berenson,,Agentul Credincios ,,4.02,,,9789735016944,440,3,3/2/2020,,
576,1,1,Craig Russell,,Roșu pentru totdeauna ,,3.87,,,9786066092814,407,3,3/2/2020,,
577,1,1,Steve Berry,,Răzbunare la Paris ,,3.94,,,9786066009027,464,3,3/2/2020,,
