id,book_type,book_language,authors,image,title,book_genre,rating,published_date,description,isbn_13,page_count,book_status,date_added,date_read,goodreads_link,goodreads_book_id,goodreads_image_link
1,1,1,Emma Clayton,,Racnetul,,4.05,,"<p><span style=""color:hsl(0,0%,0%);"">Intr-un viitor sumbru, oamenii folosesc chimicale nocive pentru a combate Ciuma Animala care a facut ca toate animalele de pe pamant sa turbeze, aducand planeta intr-un stadiu de nelocuit. Populatia umana traieste refugiata in orase supraaglomerate. Mika are 12 ani si locuieste in Londra impreuna cu parintii sai, in conditii deplorabile. Despre sora sa geamana, Ellie, se spune ca s-ar fi inecat cu un an in urma, insa Mika nu crede ca este adevarat. Si are dreptate. Povestea incepe cu Ellie si o maimutica, Puck, incercand sa scape de pe o nava spatiala. Incercarea le este ingreunata de maleficul Mal Gorman, care cauta sa-i adune pe toti copiii nascuti dupa izbucnirea Ciumei, pentru a-si construi o armata. Iar Gorman are intr-adevar planuri mari pentru Mika si Ellie, ale caror mutatii ii fac sa aiba puteri speciale. Pentru a-si salva sora, Mika va trebui sa infrunte o gramada de obstacole si sa-si descopere noi puteri pe care nici nu le banuia.</span></p>",9786066092869,346,,2021-12-22,2022-01-02,https://www.goodreads.com/book/show/42945266-racnetul,42945266,https://images-na.ssl-images-amazon.com/images/S/compressed.photo.goodreads.com/books/1543092826i/42945266.jpg
2,1,1,Ștefan Ciocioi,,Legiunea de Abur,,4.2,,"<p><span style=""color:hsl(0, 0%, 0%);"">Degradarea Lumii este un fenomen supranatural care afectează corpurile la scurt timp după moarte și le șterge amintirile din memoria colectivă a umanității, ca un val care revendică marile castele de nisip înapoi în ocean. Numai Locotenentul William Cobb, prin abilitatea sa, poate merge pe drumurile neatinse ale realității, cu barca în amonte, peste fluviile aurii ale universului. Iar dacă cărările l-ar aduce vreodată față în față cu divinitatea, ai săi ar fi Ochii care L-ar vedea pe Dumnezeu.Trimis în orașul natal pentru a rezolva o crimă aparent imposibilă, Will descoperă o conspirație care poate duce la schimbarea întregului continent. Pășind între realitate și lumea din spatele ei, urmărind firele sorții înainte și înapoi prin timp, acesta trebuie să scoată totul la suprafață înainte ca Degradarea Lumii să îl prindă din urmă și să îl tragă după ea în adâncuri.</span></p>",9786069706138,410,,2021-12-31,,https://www.goodreads.com/book/show/56291377-legiunea-de-abur,56291377,https://images-na.ssl-images-amazon.com/images/S/compressed.photo.goodreads.com/books/1607988001i/56291377.jpg
3,1,1,Ștefan Ciocioi,,Rezistența ,,4.78,,"<p><span style=""color:hsl(0, 0%, 0%);"">Devenit noul cârmuitor al Linierei, Eldric se găsește în preajma unui șir interminabil de probleme și dileme morale. În timp ce Daetria își continuă nestingherită expansiunea, tânărul rege este forțat să își aloce toate forțele pentru a combate facțiunile rebele de pe noul său teritoriu, încercând totodată să deslușească misterul din spatele reîntoarcerii la viață a morților.De partea cealaltă a Planariei, Talia se înrolează în armata lui Sylas pentru a se răzbuna pe cel care i-a răpit totul și a lăsat-o singură pe lume. Odată cu descoperirea unei organizații împotriva Zeului de Foc, își va putea sacrifica liniștea sufletească pentru binele întregului continent?</span></p>",9786069479629,268,,2021-12-31,,https://www.goodreads.com/book/show/53194523-rezisten-a,53194523,https://images-na.ssl-images-amazon.com/images/S/compressed.photo.goodreads.com/books/1587128933i/53194523.jpg
4,1,1,Ștefan Ciocioi,,Încleștarea Epocilor ,,4.64,,"<p><span style=""color:hsl(0, 0%, 0%);"">Sub amenințarea unei invazii iminente, popoarele din sudul Planariei sunt forțate să treacă la măsuri drastice. Ecouri străvechi retrezesc magia la viață, zeii se intorc pe pământ, iar moartea nu mai înseamnă sfârșitul. Este o binecuvântare sau un blestem?Pe fondul unor fenomene inexplicabile apărute chiar între zidurile orașului său, prințul Eldric Linus ajunge să descopere unul dintre secretele pe care se sprijină această lume și este nevoit să aleagă între responsabilitatea față de regat și propriul său destin.</span></p>",9786069479612,330,,2021-12-31,,https://www.goodreads.com/book/show/53194462-ncle-tarea-epocilor,53194462,https://images-na.ssl-images-amazon.com/images/S/compressed.photo.goodreads.com/books/1587128387i/53194462.jpg
5,1,1,Ștefan Ciocioi,,Cele douăsprezece încuietori,,4.25,,"<p><span style=""color:hsl(0, 0%, 0%);"">Cutremurul care a schimbat lumea...Un singur om a supraviețuit Rupturii Continentale și a trăit să spună povestea mai departe. Prins în epicentrul catastrofei, acesta descoperă în adâncurile pământului o poartă ferecată încă din epoca Zeilor. Cu lacătele cedând, omul își asumă sarcina de a preveni apocalipsa....se resimte și cinci sute de ani mai târziu.Sub amenințarea unei invazii iminente, popoarele din sudul Planariei sunt forțate să treacă la măsuri drastice. Ecouri străvechi retrezesc magia la viață, iar moartea nu mai înseamnă sfârșitul. Este o binecuvântare sau un blestem?Când lui Eldric Linus, prințul unui regat mic din sudul continentului, i se dezvăluie unul dintre secretele pe care se sprijină stâlpii acestei lumi, acesta trebuie să aleagă între responsabilitatea față de popor și propriul său destin.Va putea să-și salveze regatul înainte ca încuietorile să se desfacă pentru totdeauna?</span></p>",9786068894485,330,,2021-12-31,,https://www.goodreads.com/book/show/37776896-cele-dou-sprezece-ncuietori,37776896,https://images-na.ssl-images-amazon.com/images/S/compressed.photo.goodreads.com/books/1514668532i/37776896.jpg
6,1,2,Josh Malerman,,Malorie ,,3.8,,"<p><span style=""color:hsl(0, 0%, 0%);"">Now from the mind of a true master of suspense comes the next chapter in Bird Box. This time, Malorie is front and center, and she will confront the dangers of her world head-on.Twelve years after Malorie and her children rowed up the river to safety, a blindfold is still the only thing that stands between sanity and madness. One glimpse of the creatures that stalk the world will drive a person to unspeakable violence. There remains no explanation. No solution.All Malorie can do is survive.But then comes what feels like impossible news. And with it, the first time Malorie has allowed herself to hope. Someone very dear to her, someone she believed dead, may be alive.Malorie has a harrowing choice to make: to live by the rules of survival that have served her so well, or to venture into the darkness and reach for hope once more.</span></p>",,301,,2020-12-21,,https://www.goodreads.com/book/show/44510181-malorie,44510181,https://images-na.ssl-images-amazon.com/images/S/compressed.photo.goodreads.com/books/1585099104i/44510181.jpg
7,1,2,Gwenda Bond,,Suspicious Minds ,,3.6,,"<p><span style=""color:hsl(0, 0%, 0%);"">A mysterious lab. A sinister scientist. A secret history. If you think you know the truth behind Eleven’s mother, prepare to have your mind turned Upside Down in this thrilling prequel to the hit show Stranger Things.It’s the summer of 1969, and the shock of conflict reverberates through the youth of America, both at home and abroad. As a student at a quiet college campus in the heartland of Indiana, Terry Ives couldn’t be further from the front lines of Vietnam or the incendiary protests in Washington.But the world is changing, and Terry isn’t content to watch from the sidelines. When word gets around about an important government experiment in the small town of Hawkins, she signs on as a test subject for the project, codenamed MKUltra. Unmarked vans, a remote lab deep in the woods, mind-altering substances administered by tightlipped researchers . . . and a mystery the young and restless Terry is determined to uncover.But behind the walls of Hawkins National Laboratory—and the piercing gaze of its director, Dr. Martin Brenner—lurks a conspiracy greater than she could have ever imagined. To face it, she’ll need the help of her fellow test subjects, including one so mysterious the world doesn’t know she exists—a young girl with unexplainable, superhuman powers and a number instead of a name: 008.Amid the rising tensions of the new decade, Terry Ives and Martin Brenner have begun a different kind of war—one where the human mind is the battlefield.</span></p>",,304,,2020-12-21,,https://www.goodreads.com/book/show/40535559-suspicious-minds,40535559,https://images-na.ssl-images-amazon.com/images/S/compressed.photo.goodreads.com/books/1540238761i/40535559.jpg
8,1,1,Stephen Booth,,Cainele negru ,,3.83,,"<p><span style=""color:hsl(0, 0%, 0%);"">Atunci cand Laura Vernon - o adolescenta isteata si sexy - dispare de acasa, intr-o vara lunga si fierbinte abatuta peste tinutul Peak District, politia locala intreprinde ample operatiuni de cautare, apeland la toate resursele disponibile. Cadavrul este insa gasit in cele din urma de Harry Dickinson, un fost miner care pare hotarat sa obstructioneze ancheta politiei. Pana si parintii victimei ascund ceva. Dar ce ar putea fi oare mai important decat descoperirea criminalului? Ben Cooper, un tanar detectiv a carui viata ascunde un lung sir de necazuri, ii cunoaste pe sateni dintotdeauna; dar sentimentele lui legate de acest caz sunt puse la indoiala de sosirea la sectia de politie a lui Diane Fry - un detectiv ambitios si neinduplecat, transferat de la o alta divizie. Pe masura ce investigatia inainteaza cu greu, cu toate suisurile si coborasurile ei, Ben si Diane descopera ca, pentru a intelege prezentul, trebuie mai intai de toate sa inteleaga trecutul.</span></p>",9789731037226,0,,2020-03-02,2020-03-07,https://www.goodreads.com/book/show/50268882-cainele-negru,50268882,https://images-na.ssl-images-amazon.com/images/S/compressed.photo.goodreads.com/books/1578121378i/50268882.jpg
9,1,1,Alex Michaelides,,Pacienta tăcută,,4.18,,"<p><span style=""color:hsl(0, 0%, 0%);"">Viața Aliciei Berenson este aparent perfectă. Pictoriță renumită căsătorită cu un fotograf de modă, ea trăiește într-o casă superbă, cu vedere spre parc, într-una dintre zonele cele mai dorite din Londra. Într-o seară, soțul ei Gabriel se întoarce acasă târziu de la o ședință foto, iar Alicia îl împușcă de cinci ori în față și apoi rămâne tăcută mai mulți ani.Refuzul Aliciei de a vorbi sau de a da orice fel de explicații transformă o tragedie domestică în ceva mult mai teribil, un mister care captează imaginația publică și o face pe Alicia celebră. Prețul tablourilor sale crește astronomic, iar ea, pacienta tăcută, este ascunsă de tabloide și de lumina reflectoarelor la The Grove, un spital psihiatric de maximă securitate din nordul Londrei.Theo Faber este un psihoterapeut care a așteptat multă vreme oportunitatea de a lucra cu Alicia. Hotărârea lui de a o face să vorbească și să dezvăluie misterul motivului pentru care și-a împușcat soțul îl poartă pe un drum plin de primejdii – o căutare a adevărului care amenință să-l distrugă...Pacienta tăcută este un thriller psihologic șocant despre un act de violență extrem al unei femei împotriva soţului ei – și despre un terapeut obsedat de descoperirea motivului din spatele acestui act...</span></p>",9786063336065,368,,2020-03-02,2021-07-12,https://www.goodreads.com/book/show/45152448-pacienta-t-cut,45152448,https://images-na.ssl-images-amazon.com/images/S/compressed.photo.goodreads.com/books/1586807396i/45152448.jpg
10,1,1,Ruth Ware,,Moartea doamnei  Westaway,,3.81,,"<p><span style=""color:hsl(0, 0%, 0%);"">Deşi nu crede în arta divinaţiei, Hal Westaway îşi câştigă traiul ca ghicitoare în tarot. Când găseşte în cutia poştală o scrisoare prin care este anunţată că a primit o moştenire considerabilă de la o anume Hester Mary Westaway, înţelege repede că e o greşeală. Dar ştie şi că poate folosi trucurile din cartomanţie pentru a pune mâna pe bani.Hal hotărăşte să meargă la înmormântarea femeii, însă, odată ajunsă acolo, îşi dă seama că a nimerit în mijlocul unei situaţii încâlcite şi că toţi cei prezenţi încearcă să pună mâna pe moştenire.Lucrurile nu sunt deloc atât de simple pe cât păreau la început. Oare ce mister ascunde moartea doamnei Westaway?""Moartea doamnei Westaway este cel mai bun roman de până acum al lui Ruth Ware: un mister greu de dezlegat, suspans bine dozat şi o eroină foarte perspicace şi perseverentă."" – Library Journal„Ruth Ware ştie cum să-i ţină cu sufletul la gură pe fanii thrillerului psihologic."" – USA Today„Proza foarte expresivă, personajele învăluite în mister şi intriga neobişnuită te fac să citeşti pe nerăsuflate această tulburătoare dramă de familie."" – Publishers Weekly„Un thriller foarte reuşit, care aminteşte de tradiţia romanului gotic."" - The Wall Street Journal</span></p>",9786064006554,464,,2020-03-02,2021-05-07,https://www.goodreads.com/book/show/52115910-moartea-doamnei-westaway,52115910,https://images-na.ssl-images-amazon.com/images/S/compressed.photo.goodreads.com/books/1569865490l/52115910.jpg
11,1,,Leigh Bardugo,,The Grisha Trilogy ,,4.3,,"<p><span style=""color:hsl(0, 0%, 0%);"">In a lavish world where darkness reigns and science collides with superstition, Alina Starkov has the power to save her country…but it comes with a price in The Grisha Trilogy by New York Times-bestselling author Leigh Bardugo.Included in this bundle are Shadow and Bone, Siege and Storm, and Ruin and Rising.</span></p>",9781627799546,1248,,2021-04-28,,https://www.goodreads.com/book/show/27280362-the-grisha-trilogy,27280362,https://images-na.ssl-images-amazon.com/images/S/compressed.photo.goodreads.com/books/1445967108i/27280362.jpg
12,1,1,Mo Hayder,,Omul-Pasare ,,3.89,,"<p><span style=""color:hsl(0, 0%, 0%);"">Unele crime sunt socante. Alte crime sunt terifiante. Iar altele sfideaza imaginatia. Inca bantuit de uciderea fratelui sau, petrecuta cu zeci de ani in urma, detectivul Caffery se lasa absorbit de cazul a cinci femei mutilate ale caror cadavre, descoperite la marginea Londrei, scot la iveala numeroase fapte abominabile... inclusiv un mic „cadou“ aflat in interiorul corpului fiecareia. Caffery nu isi imagineaza insa cat de puternic este cel impotriva caruia lupta, profunzimea intunecimii din sufletul criminalului sau care va fi cea mai cutremuratoare revelatie... Cercetarile politiei se deruleaza intr-un crescendo frenetic si criminalul este incoltit. Pentru un oras inspaimantat, cosmarul se incheie, in sfarsit. Sau inca nu?</span></p>",9789731035598,384,,2020-11-22,2021-04-20,https://www.goodreads.com/book/show/25078113-omul-pasare,25078113,https://images-na.ssl-images-amazon.com/images/S/compressed.photo.goodreads.com/books/1425573657i/25078113.jpg
13,1,,Jessica Barry,,Cadere libera,,3.8,,"<p><span style=""color:hsl(0, 0%, 0%);"">""Cartea nu este doar captivanta, ci si o poveste minunatadespre dragostea neconditionata a unei mame pentru fiica ei.Nici ca ar avea nevoie de alta recomandare.""-Aimee Molloy, The New York Times""O surpriza captivanta.""-People MagazineCand viata e o minciuna, adevarul te poate ucide.Cand avionul privat al logodnicului ei se prabuseste in muntii Colorado, Allison Carpenter supravietuieste miraculos. Dar lupta pentru supravietuire abia incepe. De ani intregi, Allison traieste cu un secret teribil, pentru care oameni puternici ar ucide ca sa-l ingroape pentru totdeauna. Daca afla ca traieste, vor veni dupa ea. Trebuie sa ajunga acasa.In oraselul Owl Creek din Maine, Maggie Carpenter afla ca singurul ei copil este considerat mort. Insa autoritatile nu i-au gasit trupul - dandu-i lui Maggie un strop de speranta.Pe cand Allison se zbate sa supravietuiasca in salbaticia tradatoare a muntilor, Maggie pleaca in cautarea disperata a unor raspunsuri. Nu stie nimic despre viata fiicei ei de peste doi ani, dar, patrunzand in viata lui Allison, descopera o mondena alunecoasa care ascunde secrete intunecate. De ce anume fugea Allison - si poate Maggie sa descopere adevarul la timp pentru a o salva?</span></p>",,416,,2021-04-05,2021-04-13,https://www.goodreads.com/book/show/54811969-cadere-libera,54811969,https://images-na.ssl-images-amazon.com/images/S/compressed.photo.goodreads.com/books/1596540165i/54811969.jpg
14,1,1,Michael Punke,,Răzbunătorul. Legenda lui Hugh Glass,,3.96,,"<p><span style=""color:hsl(0, 0%, 0%);"">Cartea care a inspirat filmul The Revenant: legenda lui Hugh Glass„O teribilă poveste despre trădare."" -- The Washington Post Book WorldSuntem în anul 1823 şi vânătorii de blănuri ai Companiei Rocky Mountain Fur duc o viaţă brutală de frontieră. Hugh Glass e unul din cei mai buni oameni ai Companiei, un neînfricat pionier al frontierei, specialist în găsirea urmelor. Dar o misiune de cercetare îl aduce faţă în faţă cu un urs grizzly, care îl mutilează groaznic, iar ceilalţi nu mai speră ca el să supravieţuiască. Doi oameni ai Companiei sunt desemnaţi să aibă grijă de Glass până moare. Însă după ce aceştia îl jefuiesc şi-l abandonează, pe Glass îl ţine în viaţă o singură dorinţă: răzbunarea. Cu un curaj şi o hotărâre ieşite din comun, omul munţilor parcurge, mai întâi târâş, sute de kilometri din frontiera americană neexplorată.Bazat pe fapte reale, Răzbunătorul. Legenda lui Hugh Glass e o poveste remarcabilă despre obsesie, voinţă umană împinsă până la limite şi despre cât de departe poate duce setea de răzbunare.Răzbunătorul. Legenda lui Hugh Glass are toate elementele unui roman clasic de aventuri, oferind forţă şi vitalitate poveştii dramatice a vânătorului Hugh Glass, pe care nici măcar o ursoaică grizzly nu a reuşit să-l omoare. -- Craig Johnson, autorul seriei Walt LongmireUna dintre cele mai impresionante legende despre Vestul Sălbatic. -- The Salt Like Tribune„Mormăitul crescu în intensitate, în timp ce ursoaica intra în luminiş. Îşi ţinea ochii negri aţintiţi asupra lui Glass şi capul plecat la pământ, în timp ce adulmeca mirosul străin, un miros care se amesteca acum cu cel al puilor ei. Ursoaica îl înfruntă direct, cu trupul răsucit şi încordat ca un arc puternic de trăsură. Glass se minună de muşchii incredibili ai animalului. Picioarele groase din faţă se continuau cu umeri masivi, iar deasupra de tot era cocoaşa argintie care făcea din ea un grizzly.""Citiţi cartea care a inspirat celebrul film The Revenant: Legenda lui Hugh Glass.Povestea uluitoare a personajului real Hugh Glass, vânător de blănuri şi pionier al Frontierei Americane.Michael Punke este ambasador al Statelor Unite la Organizaţia Mondială a Comerţului din Geneva, Elveţia. De asemenea, a activat în cadrul Consiliului Naţional de Securitate de la Casa Albă şi la Capitol Hill. A fost corespondentul pe subiecte istorice al revistei Montana Quarterly şi profesor la Universitatea din Montana. Michael Punke este şi autorul a două cărţi de nonficţiune: Fire and Brimstone: The North Butte Mining Disaster of 1917 şi Last Stand: George Bird Grinnell, the Battle to Save the Buffalo, and the Birth of the New West.Locuieşte în Montana.</span></p>",9786067196269,342,,2020-03-02,2021-04-05,https://www.goodreads.com/book/show/28637228-r-zbun-torul-legenda-lui-hugh-glass,28637228,https://images-na.ssl-images-amazon.com/images/S/compressed.photo.goodreads.com/books/1453297390i/28637228.jpg
15,1,1,Andy Weir,,Marțianul,,4.41,,"<p><span style=""color:hsl(0, 0%, 0%);"">Membrii echipajului Ares 3 ajung pe Marte pentru o misiune programată să dureze două luni, dar o furtună puternică le dă planurile peste cap și sunt nevoiți să părăsească planeta după doar câteva zile. Însă numai cinci dintre cei șase membri ai echipajului se vor lansa spre Pământ. Mark Watney, pe care ceilalți îl cred mort, rămâne singur, cu resurse limitate de apă și de hrană. Și astfel pornește într-o uimitoare cursă pentru supraviețuire, reușind să facă ceea ce nimeni până atunci nu ar fi crezut că este posibil pe o planetă fără viață. Inteligența și umorul, stăpânirea de sine și ingeniozitatea îl vor ajuta pe Watney să facă față rând pe rând problemelor aparent insurmontabile. Dar va reuși el să se întoarcă teafăr pe Pământ? Și de unde îi poate veni salvarea?</span></p>",9786068673226,424,,2020-03-02,2021-04-01,https://www.goodreads.com/book/show/27192797-mar-ianul,27192797,https://images-na.ssl-images-amazon.com/images/S/compressed.photo.goodreads.com/books/1444809081i/27192797.jpg
16,1,2,Robert Galbraith,,Troubled Blood ,,4.37,,"<p><span style=""color:hsl(0, 0%, 0%);"">Private Detective Cormoran Strike is visiting his family in Cornwall when he is approached by a woman asking for help finding her mother, Margot Bamborough — who went missing in mysterious circumstances in 1974.Strike has never tackled a cold case before, let alone one forty years old. But despite the slim chance of success, he is intrigued and takes it on; adding to the long list of cases that he and his partner in the agency, Robin Ellacott, are currently working on. And Robin herself is also juggling a messy divorce and unwanted male attention, as well as battling her own feelings about Strike.As Strike and Robin investigate Margot's disappearance, they come up against a fiendishly complex case with leads that include tarot cards, a psychopathic serial killer and witnesses who cannot all be trusted. And they learn that even cases decades old can prove to be deadly . . .</span></p>",9780751579932,944,,2021-03-30,,https://www.goodreads.com/book/show/51807232-troubled-blood,51807232,https://images-na.ssl-images-amazon.com/images/S/compressed.photo.goodreads.com/books/1594301752i/51807232.jpg
17,1,1,Julia Navarro,,Conferia Sfantului Giulgiu,,3.6,,"<p><span style=""color:hsl(0, 0%, 0%);"">The Brotherhood of the Holy Shroud  is the explosive international bestseller that mixes fact and fiction to tell the riveting story of one of the world’s most controversial relics—the Holy Shroud of Turin—and the desperate race to save it from those who will stop at nothing to possess its legendary power....A fire at the Turin cathedral and the discovery of a mutilated corpse are the latest in a disturbing series of events surrounding the mysterious cloth millions believe to be the authentic burial shroud of Jesus Christ. Those who dare to investigate will be caught in the cross fire of an ancient conflict forged by mortal sacrifice, assassination, and secret societies tied to the shadowy Knights Templar.Spanning centuries and continents, from the storm-rent skies over Calvary, through the intrigue and treachery of Byzantium and the Crusades, to the modern-day citadels of Istanbul, New York, London, Paris, and Rome, The Brotherhood of the Holy Shroud races to a chilling climax in the labyrinths beneath Turin, where astounding truths will be exposed: about the history of a faith, the passions of man, and proof of the most powerful miracle of all….From the Hardcover edition.</span></p>",,384,,2021-03-06,,https://www.goodreads.com/book/show/31836622-conferia-sfantului-giulgiu,31836622,https://images-na.ssl-images-amazon.com/images/S/compressed.photo.goodreads.com/books/1473018489i/31836622.jpg
18,1,,Markus C. Schulte von Drach,,Furor,,3.56,,"<p><span style=""color:hsl(0, 0%, 0%);"">Christian Raabe hat eine bahnbrechende Entdeckung gemacht. Dem Hirnforscher ist es erstmalig gelungen, menschliche Erinnerungen außerhalb des Körpers zu speichern. Eines Tages findet man seine Leiche mit zerschmettertem Schädel auf dem Dach eines Fahrstuhls in seinem Institut. Wenige Minuten vor dem entsetzlichen »Unfall« hat Raabe seinen Sohn auf dessen Mailbox um einen letzten Gefallen gebeten: Sebastian solle so schnell wie möglich bestimmte Dateien in seinem Computer ungelesen vernichten – und vergessen, dass es sie je gab.Doch Sebastians Neugier ist stärker. In den Erinnerungen seines Vaters entdeckt er Hinweise auf ein mörderisches Experiment, an dem der renommierte Wissenschaftler vor Jahren beteiligt war. Wurde Raabe von der eigenen Vergangenheit eingeholt und schließlich in den Tod getrieben? Mit Hilfe von Freunden kommt Sebastian einer geheimen Organisation der CIA auf die Spur, für die sein Vater offenbar gearbeitet hat. Doch dieses Wissen ist gefährlich.</span></p>",9783423244404,359,,2020-03-02,,https://www.goodreads.com/book/show/5983775-furor,5983775,https://images-na.ssl-images-amazon.com/images/S/compressed.photo.goodreads.com/books/1379242636i/5983775.jpg
19,1,1,David Ebershoff,,Daneza,,3.76,,"<p><span style=""color:hsl(0, 0%, 0%);"">Publicat în anul 2000, Daneza este romanul de debut al scriitorului american David Ebershoff. Tema îndrăzneaţă a schimbării identităţii sexuale, inspirată dintr-un caz real, precum şi stilul rafinat, subtil şi complex al scriiturii au făcut din Daneza o carte aclamată de critică şi cititori. A primit Premiul literar Lambda pentru ficţiune transsexuală şi Premiul Rosenthal al Academiei Americane de Arte şi Litere.„Daneza este o carte notabilă pe care trebuie să o citiţi neapărat înainte de a vedea filmul.“New York Daily News„…avem de-a face cu un psalm sublim despre o dragoste neobişnuită şi îndelung răbdătoare.“The Boston GlobeUn subiect dificil de tratat fără a aluneca în vulgaritate şi, mai ales, intoleranţă, pe care David Ebershoff îl construieşte cu migală şi măiestrie în jurul întrebării: Ce e de făcut atunci când persoana pe care o iubeşti decide să se schimbe? Răspunsul poate fi găsit în povestea neobişnuită de dragoste dintre Einar Wegener, primul bărbat din lume care a trecut printr-o operaţie de schimbare a sexului, şi soţia sa, Greta Wegener, pictoriţă şi ilustratoare daneză.„Un roman fascinant, frumos prin aroma lui stranie, delicată şi prin profunzimea personajelor.“San Francisco Chronicle„O meditaţie sofisticată şi introspectivă asupra naturii identităţii umane.“EsquireDavid Ebershoff este scriitor, editor şi profesor. S-a născut în Pasadena, statul California. În prezent, este profesor de literatură la Columbia University şi editor şef la Random House.</span></p>",9786067760729,374,,2020-03-02,,https://www.goodreads.com/book/show/28363284-daneza,28363284,https://images-na.ssl-images-amazon.com/images/S/compressed.photo.goodreads.com/books/1451214281i/28363284.jpg
20,1,1,Sylvia Day,,Atracția ,,4.14,,"<p><span style=""color:hsl(0, 0%, 0%);"">Gideon Cross a intrat în viața mea ca un fulger în întunericul nopții – impresionant și strălucitor, fierbinte și neliniștitor. Am fost atrasă de el, așa cum nu mi s-a mai întâmplat vreodată în viață.Tânjeam după atingerea lui ca după un drog, chiar știind că mă secătuia de puteri. Eram un suflet chinuit, iar el a pătruns cu atâta ușurință în cele mai adânci ascunzișuri ale inimii mele…Căci Gideon știa. Era bântuit de propriii demoni. Și fiecare a devenit pentru celălalt oglinda care îi reflecta cele mai profunde răni… și dorințe.</span></p>",9786068494944,444,,2020-03-02,,https://www.goodreads.com/book/show/17853732-atrac-ia,17853732,https://images-na.ssl-images-amazon.com/images/S/compressed.photo.goodreads.com/books/1671665274i/17853732.jpg
21,1,1,James Frey,,O mie de fărâme,,3.68,,"<p><span style=""color:hsl(0, 0%, 0%);"">Personajul James Frey, de douazeci si trei de ani, se intoarce acasa distrus: cu patru dinti lipsa, o gaura in obraz si scaldat in fluide corporale din cele mai viu colorate. Acest tablou violent este rodul unui maraton a trei ani de consum de crack si a zece ani de alcoolism. Internat la cel mai faimos centru de dezintoxicare din Minnesota (cu o rata de reusita de 17%), James inregistreaza verdictul doctorului ca va muri in cateva zile si se lupta pentru supravietuire. Felul in care Frey descrie mecanismul acelei ""algebre a nevoii"" despre care vorbea si William Burroughs e delirant, coplesitor. Foamea de viata si foamea de autodistrugere par a se hrani reciproc: ""Vreau un pahar, vreau cincizeci de pahare. Vreau o sticla de tarie, cea mai curata, cea mai teapana, cea mai distrugatoare, cea mai otravitoare tarie de pe pamant. Vreau cincizeci de sticle de tarie. Vreau crack, murdar si galben si plin de formaldehida"". Personajele care populeaza sanatoriul - o prostituata de care James se indragosteste, un judecator federal, un fost campion la box - sunt un amestec viu de decadere si bunatate, iar de aici se nasc paginile cele mai pline de patos ale romanului.</span></p>",9789736891595,536,,2020-03-02,,https://www.goodreads.com/book/show/7712645-o-mie-de-f-r-me,7712645,https://images-na.ssl-images-amazon.com/images/S/compressed.photo.goodreads.com/books/1265714220i/7712645.jpg
22,1,1,Toby Ball,,Ahivele,,3.37,,"<p><span style=""color:hsl(0, 0%, 0%);"">Intr-o America distopica a anilor 1930, o serie de evenimente favorizeaza descoperirea unui secret intunecat despre orasul lor. In timpul celei mai corupte guvernari din istoria Orasului, duplicatul unui dosar este gasit undeva in Arhive, o sala cavernoasa care adaposteste documente continand toate faradelegile municipalitatii din ultimii saptezeci de ani. Personajele principale sunt Arthur Puskis, singurul angajat al Arhivelor, un om cu o incredere aproape mistica in sistemul caruia si-a dedicat viata, Frank Frings, un celebru jurnalist de investigatii, si Ethan Poole, detectiv particular cu inclinatie spre santaj. Acesti trei barbati pornesc impreuna o investigatie in trecutul intunecat al Orasului, intrebandu-se daca isi vor putea pastra convingerile in acel climat de coruptie generalizata si conspiratie.</span></p>",9786066095280,416,,2020-11-20,,https://www.goodreads.com/book/show/49861575-ahivele,49861575,https://images-na.ssl-images-amazon.com/images/S/compressed.photo.goodreads.com/books/1577267567i/49861575.jpg
23,1,1,Frédéric Lenoir,,Oracolul Lunei,,4.06,,"<p><span style=""color:hsl(0, 0%, 0%);"">In anul de gratie 1545, langa manastirea San Giovanni in Venere a fost gasit trupul insangerat al unui tanar. Pentru a-si reveni, dar mai ales pentru a-si recapata memoria, avea nevoie de ingrijirile staretului Dom Salvatore. Numele lui era Giovanni Tratore, fiul unor tarani din Calabria, care dorea sa-si schimbe destinul de dragul Elenei, o nobila venetiana. Inca de mic, o frumoasa vrajitoare cu parul rosu, Luna, i-a prezis ca il asteapta un destin unic. Un destin tragic si luminos.</span></p>",9789731036199,0,,2020-12-21,,https://www.goodreads.com/book/show/52303792-oracolul-lunei,52303792,https://images-na.ssl-images-amazon.com/images/S/compressed.photo.goodreads.com/books/1592146629i/52303792.jpg
24,1,1,Michael  White,,Echinox,,3.33,,"<p><span style=""color:hsl(0, 0%, 0%);"">Oxford, 2006: a young woman is found brutally murdered, her throat cut. Her heart has been removed and in its place lies an apparently ancient gold coin. Twenty-four hours later, another woman is found. The MO is identical, except that this time her brain has been removed, and a silver coin lies glittering in the bowl of her skull. The police are baffled but when police photographer, Philip Bainbridge and his estranged lover, Laura Niven become involved, they discover that these horrific, ritualistic murders are not confined to the here and now. And a shocking story begins to emerge which intertwines Sir Isaac Newton, one of seventeenth-century England's most powerful figures, with a deadly conspiracy which echoes down the years to the present day, as lethal now as it was then. Before long those closest to Laura are in danger, and she finds herself the one person who can rewrite history; the only person who can stop the killer from striking again...</span></p>",9789731030791,313,,2020-03-02,2020-03-07,https://www.goodreads.com/book/show/28807854-echinox,28807854,https://images-na.ssl-images-amazon.com/images/S/compressed.photo.goodreads.com/books/1454177905i/28807854.jpg
25,1,1,Dan       Brown,,Îngeri şi demoni,,3.94,,"<p><span style=""color:hsl(0, 0%, 0%);"">Dan Brown abordeaza de aceasta data un subiect inedit, si anume rivalitatea seculara dintre Vatican si confreria secreta Iluminati. Ce descoperire terifianta ii face pe prelatii Vaticanului sa apeleze la Robert Langdon, omul care a deslusit codul cel mai controversat al istoriei? Cand Langdon descopera dovezi ale reactivarii fratiei secrete si antice cunoscuta sub numele de Illuminati - cea mai puternica organizatie oculta din istorie - el se confrunta si cu pericolul de moarte la adresa celui mai temut dusman al organizatiei secrete: Biserica Catolica. Afland ca ceasul unei bombe amplasate de Iluminati a inceput numaratoarea inversa, Langdon pleaca la Roma, alaturandu-se Vittoriei Vetra, o femeie frumoasa, enigmatica si in acelasi timp om de stiinta italian. Angajandu-se intr-o urmarire furibunda prin cripte neumblate, catacombe periculoase, catedrale parasite si pana in inima celui mai secret mormant de pe pamant, Langdon si Vetra urmeaza firul calauzitor al istoriei de 400 de ani a Iluminatilor, care marcheaza singura speranta de supravietuire a Vaticanului. Cautarile ii vor purta pe cei doi oameni de stiinta prin cripte pecetluite de secole, prin catacombe pline de primejdii si prin catedrale parasite, pana la cel mai periculos loc de pe fata pamantului: ascunzatoarea de mult uitata a ordinului Iluminati, mormantul Sfantului Petru.</span></p>",,544,,2020-03-02,2020-03-07,https://www.goodreads.com/book/show/13553274-ngeri-i-demoni,13553274,https://images-na.ssl-images-amazon.com/images/S/compressed.photo.goodreads.com/books/1332193496i/13553274.jpg
26,1,1,Stephen Booth,,Sălașul morții ,,3.82,,"<p><span style=""color:hsl(0, 0%, 0%);"">În curând va avea loc o crimă. S-ar putea petrece în următoarele câteva ore. Minţile noastre pot simţi şi adulmeca sângele. Putem închide ochii şi putem inspira aroma. Eu îl pot simţi chiar acum, tu nu? E atât de puternic, atât de dulce. Atât de irezistibil. E parfumul morţii.Apelurile anonime primite de poliţiştii din Derbyshire privind comiterea unui iminent asasinat pot fi doar o farsă sinistră, iar descrierile macabre ale morţii şi ale descompunerii, rodul unei imaginaţii bolnave. Însă vocea atât de calm şi de detaşată, care îi invită pe politişti în sălaşul morţii, nu poate aparţine decât unui ucigaş cu sânge-rece... Iar salvarea următoarei victime ar putea sosi prea târziu.</span></p>",9789735769475,448,,2020-03-02,2020-12-21,https://www.goodreads.com/book/show/39708128-s-la-ul-mor-ii,39708128,https://images-na.ssl-images-amazon.com/images/S/compressed.photo.goodreads.com/books/1522730112i/39708128.jpg
27,1,1,Andrew  Taylor,,Judecata strainilor ,,3.86,,"<p><span style=""color:hsl(0, 0%, 0%);"">The second novel of the trilogy is the story of David Byfield, a widowed parish priest with a dark past and a darker future. Set in 1970 in a commuter village near London, the novel explores the consequences of Byfield's second marriage.Roth is not so much a village as a suburban state of mind. But the past clings and still has the power to affect the present. The menopausal Audrey Oliphant, churchwarden and spinster, nurses a hopeless passion for her parish priest. Lady Youlgreave slides towards death in the company of her equally senile dogs, Beauty and Beast. The big house, now a wreck of its former grandeur, has been sold to a pair of hippies, brother and sister, who have their own secrets and their own power to disturb. The vicar's new wife is fascinated by a Victorian poet-priest with local connections - Francis Youlgreave, author of The Judgement of Strangers, opium addict and suicide. And there are the children at the Vicarage: Michael Appleyard, a watchful boy with a taste for Sherlock Holmes, and Rosemary, Byfield's teenage daughter, as beautiful - and as strange - as an angel.Then the murders begin, and the mutilations, and the echoes of past crimes and blasphemies.</span></p>",,0,,2020-11-24,2021-03-02,https://www.goodreads.com/book/show/45719233-judecata-strainilor,45719233,https://images-na.ssl-images-amazon.com/images/S/compressed.photo.goodreads.com/books/1557591947i/45719233.jpg
28,1,2,Debra Driza,,Renegade ,,3.87,,"<p><span style=""color:hsl(0, 0%, 0%);"">There is no one left for Mila to trust. Except for a boy she barely knows.But Hunter has no idea who—and what—Mila really is. She can’t bear to reveal her secret, even though he’s unwittingly joined her search for Richard Grady, a man who may know more details of Mila’s complicated past.Yet the road to the truth is more dangerous than ever. With General Holland and the Vita Obscura scouring the earth for her whereabouts, Mila must rely on her newfound android abilities to protect herself and Hunter from imminent harm. Still, embracing her identity as a machine leads her to question the state of her humanity—as well as Hunter’s real motives.Perfect for fans of I Am Number Four and Divergent, this action-packed and heart-wrenching second installment of MILA 2.0 will leave readers breathlessly awaiting the series conclusion.</span></p>",9780062090393,448,,2021-03-17,,https://www.goodreads.com/book/show/10222365-renegade,10222365,https://images-na.ssl-images-amazon.com/images/S/compressed.photo.goodreads.com/books/1379085546i/10222365.jpg
29,1,1,Isaac Asimov,,"Roboții I. Eu, Robotul ",,4.21,,"<p><span style=""color:hsl(0, 0%, 0%);"">Nu au voie să facă rău niciunei ființe umane, trebuie să se supună ordinelor oamenilor și nu-și pot pune în pericol existența… însă doar atâta timp cât nu încalcă primele două reguli. Acestea sunt cele Trei Legi ale Roboticii cu care au fost programați roboții cu inteligență artificială.Poți să demonstrezi ce vrei pe baza unui raționament rece, cu condiția să apelezi la postulatele adecvate.Eu, Robotul este o colecție de nouă povestiri relatate din perspectiva unui robopsiholog care dezvăluie aventurile primilor roboți inteligenți creați de om. De la publicarea lor, povestirile lui Isaac Asimov au fost sursă de inspirație pentru numeroase ecranizări.</span></p>",9786068673479,280,,2021-03-17,2021-03-25,https://www.goodreads.com/book/show/35130715-robo-ii-i-eu-robotul,35130715,https://images-na.ssl-images-amazon.com/images/S/compressed.photo.goodreads.com/books/1494759623i/35130715.jpg
30,1,1,Scott Smith,,Ruinele,,3.67,,"<p><span style=""color:hsl(0,0%,0%);"">Straniu, terifiant, fascinant- primul roman al lui Scott Smith dupa bestsellerul Un plan simplu, Ruinele urmareste povestea unor americani proaspat iesiti de pe bancile facultatii, care vor sa petreaca o vacanta placuta si relaxanta pe plajele Mexicului, la Cancun. Convinsi de noul lor prieten german sa porneasca in cautarea fratelui acestuia, grupul se indreapta spre niste ruine maya izolate, locul unui renumit sit arheologic. Curand, pierduti in jungla si inspaimantati de semnele rau prevestitoare care ii avertizeaza ca se indreapta spre pericole necunoscute, cei patru ajung sa regrete amarnic decizia de moment, caci ororile care ii asteapta sunt de-abia la inceput. Smith construieste suspansul prin acumularea lenta a detaliilor semnificative, pana la punctul culminant, cand amenintarea mortala incepe sa-si ia tributul, iar supravietuirea este doar o cursa fara sanse de reusita impotriva unei prezente stranii, inselatoare, infioratoare...</span></p>",,416,,2020-03-02,2020-03-07,https://www.goodreads.com/book/show/18585534-ruinele,18585534,https://images-na.ssl-images-amazon.com/images/S/compressed.photo.goodreads.com/books/1380111978i/18585534.jpg
31,1,,Joseph Conrad,,Corsarul. Falk,,3.64,,,9789731430591,448,,2020-03-02,2020-03-07,https://www.goodreads.com/book/show/15817619-corsarul-falk,15817619,
32,1,,Jack Whyte,,Cavalerii în alb și negru ,,3.78,,,9789731430317,640,,2020-03-02,2020-03-07,,23213466,
33,1,,Raymond Khoury,,Ultimul Templier,,3.62,,,9789735698324,0,,2020-03-02,2020-03-07,https://www.goodreads.com/book/show/25295074-ultimul-templier,25295074,
34,1,,Raymond Khoury,,The Sanctuary,,3.67,,,9780525950295,432,,2020-03-02,2020-03-07,,376008,
35,1,,John Fowles,,Mantisa,,3.16,,,9789734642342,228,,2020-03-02,2020-03-07,,23451652,
36,1,,Kenzaburō Ōe,,17,,3.29,,,9789734645343,104,,2020-03-02,2020-03-07,,22554472,
37,1,,Richard Matheson,,Sunt o legendă,,4.06,,,9789731036229,377,,2020-03-02,2020-03-07,,19141088,
38,1,,Jeffrey Archer,,"Nici un ban in plus, nici un ban in minus",,4.04,,,,256,,2020-03-02,2020-03-07,,17881945,
39,1,,Rick Remender,,"Low, Vol. 4: Outer Aspects of Inner Attitudes",,3.79,,,9781534302297,136,,2021-03-17,,,34504727,
40,1,,Rick Remender,,"Low, Vol. 3: Shore of the Dying Light",,3.93,,,9781632157089,128,,2021-03-17,,,28116220,
41,1,,Rick Remender,,"Low, Vol. 2: Before the Dawn Burns Us",,3.91,,,9781632154699,104,,2021-03-17,,,25732455,
42,1,,Rick Remender,,"Low, Vol. 1: The Delirium of Hope",,3.62,,,9781632151940,144,,2021-03-17,,,23200006,
43,1,,Debra Driza,,MILA 2.0 ,,3.69,,,9780062090362,470,,2021-03-06,,,10222362,
44,1,,Debra Driza,,Origins: The Fire ,,3.58,,,9780062262936,15,,2021-03-17,,,16118288,
45,1,,Debra Driza,,Redemption ,,3.66,,,9780062090423,408,,2021-03-17,,,10222388,
46,1,,Kass Morgan,,Rebellion ,,3.73,,,,352,,2021-03-13,,,30140756,
47,1,,Kass Morgan,,Homecoming ,,3.69,,,9780316381963,345,,2021-03-13,,,23264825,
48,1,,Kass Morgan,,Day 21 ,,3.72,,,9780316234559,320,,2021-03-13,,,20454076,
49,1,,Kass Morgan,,The 100 ,,3.57,,,9780316234474,323,,2021-03-13,,,17332969,
50,1,,Karin Slaughter,,Obsesia,,4.05,,,9789731037202,416,,2020-12-21,2021-03-10,,17860801,
51,1,,Christie Golden,,Rise of the Horde ,,4.18,,,9780743471381,368,,2021-02-21,2021-03-03,,279501,
52,1,,Jonathan Aycliffe,,The Vanishment,,3.75,,,9780061006586,227,,2020-03-02,2021-02-25,,1055081,
53,1,,Sean Copeland,,World of Warcraft: Grimoire of the Shadowlands and Beyond ,,3.73,,,9781950366507,208,,2021-02-21,,,56962181,
54,1,,Madeleine Roux,,Shadows Rising ,,3.64,,,,259,,2021-02-21,,,51301975,
55,1,,Christie Golden,,Before the Storm ,,3.95,,,9780399594090,281,,2021-02-21,,,36467381,
56,1,,Madeleine Roux,,The Shining Blade ,,3.81,,,9781338538946,400,,2021-02-21,,,44575043,
57,1,,Greg Weisman,,The Spiral Path ,,4.22,,,9781338029376,432,,2021-02-21,,,35782646,
58,1,,Greg Weisman,,Traveler ,,4.08,,,9780545906685,384,,2021-02-21,,,31129156,
59,1,,Christie Golden,,Warcraft: Durotan,,4.04,,,9781783299607,304,,2021-02-21,,,27038915,
60,1,,William King,,Illidan ,,4.02,,,9780399177569,336,,2021-02-21,,,26721433,
61,1,,Blizzard Entertainment,,World of Warcraft Chronicle: Volume 3,,4.39,,,9781616558475,223,,2021-02-21,,,35693558,
62,1,,Blizzard Entertainment,,World of Warcraft Chronicle: Volume 2,,4.46,,,9781616558468,202,,2021-02-21,,,31153818,
63,1,,Blizzard Entertainment,,World of Warcraft Chronicle: Volume 1,,4.48,,,9781616558451,165,,2021-02-21,,,24464590,
64,1,,Elias Vandoren,,World of Warcraft: Destination Pandaria,,4.5,,,,275,,2021-02-21,,,23545836,
65,1,,Christie Golden,,War Crimes ,,4.03,,,9781451684483,358,,2021-02-21,,,19824385,
66,1,,Micky Neilson,,World of Warcraft: Paragons,,4.05,,,,467,,2021-02-21,,,20634370,
67,1,,Richard A. Knaak,,World of Warcraft: Dawn of the Aspects: Part V,,4.15,,,9781476708645,100,,2021-02-21,,,17164795,
68,1,,Richard A. Knaak,,World of Warcraft: Dawn of the Aspects: Part IV,,4.08,,,9781476708638,100,,2021-02-21,,,17164796,
69,1,,Richard A. Knaak,,World of Warcraft: Dawn of the Aspects: Part III,,4.08,,,9781476708621,100,,2021-02-21,,,17164793,
70,1,,Richard A. Knaak,,World of Warcraft: Dawn of the Aspects: Part II,,4.11,,,9781476708614,100,,2021-02-21,,,17164794,
71,1,,Richard A. Knaak,,World of Warcraft: Dawn of the Aspects: Part I,,4.0,,,9781416550693,90,,2021-02-21,,,17137806,
72,1,,Michael A. Stackpole,,Vol'jin: Shadows of the Horde ,,3.89,,,9781416550679,320,,2021-02-21,,,15802977,
73,1,,Christie Golden,,Jaina Proudmoore: Tides of War ,,4.1,,,9781416550761,352,,2021-02-21,,,13260060,
74,1,,Richard A. Knaak,,Wolfheart ,,3.87,,,9781451605754,384,,2021-02-21,,,10818702,
75,1,,Christie Golden,,Thrall: Twilight of the Aspects ,,4.1,,,9781416550884,309,,2021-02-21,,,9833170,
76,1,,Christie Golden,,The Shattering: Prelude to Cataclysm ,,3.96,,,,357,,2021-02-21,,,20105391,
77,1,,Richard A. Knaak,,Stormrage ,,3.67,,,9781416550877,432,,2021-02-21,,,6600527,
78,1,,Christie Golden,,Arthas: Rise of the Lich King ,,4.13,,,9781416550778,320,,2021-02-21,,,6290885,
79,1,,Richard A. Knaak,,Night of the Dragon ,,3.78,,,9780743471374,320,,2021-02-21,,,3137561,
80,1,,Aaron Rosenberg,,Beyond the Dark Portal ,,4.0,,,9781416550860,426,,2021-02-21,,,1914018,
81,1,,Aaron Rosenberg,,Tides of Darkness ,,3.92,,,9781416539902,384,,2021-02-21,,,279508,
82,1,,Keith R.A. DeCandido,,Cycle of Hatred ,,3.64,,,9780743471367,272,,2021-02-21,,,279502,
83,1,,richard-a-knaak,,The Sundering ,,4.14,,,9780743471213,384,,2021-02-21,,,279562,
84,1,,Richard A. Knaak,,The Demon Soul ,,4.06,,,9780743471206,384,,2021-02-21,,,279545,
85,1,,Richard A. Knaak,,The Well of Eternity ,,4.03,,,9780743471190,370,,2021-02-21,,,279583,
86,1,,Richard A. Knaak,,WarCraft Archive ,,4.23,,,9780739480243,0,,2021-02-21,,,1267905,
87,1,,Jeff Grubb,,The Last Guardian ,,4.02,,,9780671041519,320,,2021-02-21,,,283866,
88,1,,Christie Golden,,Lord of the Clans ,,4.14,,,9780743426909,278,,2021-02-21,,,283867,
89,1,,Richard A. Knaak,,Day of the Dragon ,,3.81,,,9780671041526,378,,2021-02-21,,,100427,
90,1,,Chris Metzen,,Of Blood and Honor,,4.0,,,,53,,2021-02-21,,,5050052,
91,1,,Kristy Dallas Alley,,The Ballad of Ami Miles,,3.43,,,9781250222138,272,,2021-02-21,,,41564826,
92,1,,Kyla Stone,,Edge of Survival ,,4.49,,,9781945410628,398,,2021-02-21,,,55378391,
93,1,,A.G. Riddle,,Pandemic ,,4.07,,,9781940026121,722,,2021-02-21,,,34811896,
94,1,,Ransom Riggs,,Biblioteca sufletelor ,,4.14,,,9786068811031,552,,2021-01-23,2021-02-20,,33146484,
95,1,,Ransom Riggs,,Orașul pustiu ,,4.06,,,9786069384992,472,,2021-01-23,2021-02-11,,27855953,
96,1,,Rick Riordan,,The Sea of Monsters ,,4.25,,,9780786856862,279,,2021-01-29,,,28186,
97,1,,James Dashner,,The Scorch Trials ,,3.9,,,9780385738750,362,,2021-01-29,,,7631105,
98,1,,James Dashner,,The Death Cure ,,3.78,,,9780385738774,325,,2021-01-29,,,7864437,
99,1,,Madeleine Roux,,Asylum ,,3.64,,,9780062220967,317,,2021-01-29,,,13597728,
100,1,,Ransom Riggs,,Miss Peregrine ,,3.92,,,9789731247731,392,,2021-01-23,2021-01-29,,20621490,
101,1,,Peter  May,,The Blackhouse ,,4.08,,,9781849163842,386,,2020-12-21,,,10305247,
102,1,,Peter  May,,Carantina,,3.63,,,9786067949095,368,,2020-12-21,,,54753380,
103,1,,Gwenda Bond,,Fallout ,,3.88,,,9781630790059,304,,2020-12-21,,,23110163,
104,1,,Charlie Jane Anders,,Orașul de la miezul nopții,,3.5,,,9786064306074,416,,2020-12-21,,,48611857,
105,1,,Imran Mahmood,,"Eu, acuzatul",,3.78,,,9786060063629,368,,2020-12-21,,,54926002,
106,1,,C.J. Tudor,,Dispariția lui Annie Thorne,,3.61,,,,351,,2020-12-21,,,55810019,
107,1,,Mary Robinette Kowal,,The Relentless Moon ,,4.36,,,9781250236968,544,,2020-12-21,,,52381417,
108,1,,Mary Robinette Kowal,,The Fated Sky ,,4.27,,,9780765398949,384,,2020-12-21,,,33081262,
109,1,,Mary Robinette Kowal,,The Calculating Stars ,,3.96,,,,431,,2020-12-21,,,33080122,
110,1,,Jeff VanderMeer,,Autoritate ,,3.54,,,9786067191936,368,,2020-12-21,,,25375732,
111,1,,Karen M. McManus,,The Cousins,,3.78,,,9780525708018,337,,2020-12-21,,,49757149,
112,1,,Guillermo del Toro,,Pan's Labyrinth: The Labyrinth of the Faun,,4.26,,,9780062414465,256,,2020-12-21,,,42117981,
113,1,,Leigh Bardugo,,A noua casă ,,4.03,,,9786064009241,592,,2020-12-21,,,54907028,
114,1,,Radu Octavian,,Sapte Porti,,4.59,,,9786069505700,245,,2020-12-21,,,55384693,
115,1,,John Case,,Sindromul. Știi cine ești cu adevărat,,3.73,,,,576,,2020-12-21,,,18711635,
116,1,,Anne Holt,,Ura,,3.58,,,9789737075444,426,,2020-03-02,,,12962009,
117,1,,Victor Koman,,Weeds,,4.0,,,9780061058424,0,,2020-11-26,,,15133216,
118,1,,Jorge Zamacona,,The Wild and the Innocent,,4.0,,,9780061059230,0,,2020-11-26,,,15133235,
119,1,,Lewis  Gannett,,Force Majeure ,,3.0,,,9780061059629,0,,2020-11-26,,,15133286,
120,1,,Lewis  Gannett,,Gehenna ,,3.4,,,9780694518722,3,,2020-11-24,2020-11-26,,1713298,
121,1,,Elizabeth Hand,,Francezul ,,3.12,,,9789739862639,187,,2020-11-22,2020-11-24,,18308485,
122,1,,Jeff VanderMeer,,Anihilare ,,3.77,,,9786067190526,208,,2020-10-26,2020-10-27,,23149717,
123,1,,Jack Higgins,,Tinta sigura ,,3.76,,,,288,,2020-11-20,2020-11-23,,26799403,
124,1,,Claudia Groß,,Maestra runelor,,3.26,,,,314,,2020-11-20,,,17371798,
125,1,,Andrew  Taylor,,Jocul de-a destinul,,3.68,,,9786068251257,352,,2020-11-20,,,32858581,
126,1,,Tom Knox,,Secretul Genezei,,3.58,,,9786066094986,252,,2020-11-20,,,45020908,
127,1,,Åsa Larsson,,Furtună solară  ,,3.63,,,9789737074584,288,,2020-03-02,,,11275049,
128,1,,Agatha Christie,,Martorul mut ,,3.9,,,9786063342387,400,,2020-03-02,,,49015630,
129,1,,David  Jackson,,Nu scoate un sunet,,4.28,,,9786060062479,384,,2020-04-08,,,49450971,
130,1,,Eric Van Lustbader,,The Nemesis Manifesto ,,3.66,,,9781788541336,352,,2020-03-07,,,37791965,
131,1,,Jeffery Deaver,,Moartea vine on-line ,,3.85,,,9786066096379,512,,2020-03-02,,,41830822,
132,1,,Douglas Kennedy,,Trădarea,,3.61,,,9786067196450,400,,2020-03-07,,,52069820,
133,1,,Yrsa Sigurdardottir,,Renegatii ,,3.7,,,9786067195316,392,,2020-03-07,,,49496022,
134,1,,Mons Kallentoft,,Toamna,,3.49,,,9789737075291,400,,2020-03-02,,,17875767,
135,1,,Taylor Stevens,,Femeia cameleon ,,3.79,,,9786067194111,399,,2020-03-07,,,43242880,
136,1,,Dolores Redondo,,Ofrenda a la tormenta ,,4.09,,,9788423348688,544,,2020-04-21,,,23002631,
137,1,,Dolores Redondo,,Legado en los huesos ,,4.14,,,9788423347452,560,,2020-04-21,,,18741291,
138,1,,Dolores Redondo,,El guardián invisible ,,3.95,,,9788423346042,440,,2020-04-21,,,17238220,
139,1,,Simon Sebag Montefiore,,Într-o noapte de iarnă,,3.96,,,9786067190458,552,,2020-04-08,,,23711092,
140,1,,Carlos Ruiz Zafón,,Luminile din septembrie,,3.83,,,9789734624546,248,,2020-04-08,,,16095742,
141,1,,Olen Steinhauer,,Turistul,,3.78,,,9786069267790,475,,2020-04-08,,,23467597,
142,1,,Flynn Berry,,Sora pierdută,,3.4,,,,288,,2020-04-08,,,34912603,
143,1,,Veit Etzold,,Agonie mentală ,,3.89,,,9786060060925,432,,2020-04-08,,,42446409,
144,1,,Elizabeth Haynes,,În cel mai întunecat colț,,4.07,,,9786067631944,448,,2020-04-08,,,42285371,
145,1,,Traian Tandin,,Condamnati La Moarte,,4.0,,,,671,,2020-04-08,,,23778400,
146,1,,Traian Tandin,,Delincventi Natafleti,,4.4,,,9789738708976,208,,2020-04-08,,,25143796,
147,1,,Traian Tandin,,Bolidul verde,,5.0,,,,303,,2020-04-08,,,31915844,
148,1,,Traian Tandin,,Din jurnalul unui politist,,4.0,,,,430,,2020-04-08,,,18163860,
149,1,,Traian Tandin,,Dilemele căpitanului Roman,,3.93,,,,240,,2020-04-08,,,29629661,
150,1,,Traian Tandin,,Femei criminale în România,,4.43,,,,296,,2020-04-08,,,22879806,
151,1,,Traian Tandin,,Criminali din lăcomie,,3.86,,,,368,,2020-04-08,,,22033685,
152,1,,Traian Tandin,,Cazuri judiciare celebre,,4.56,,,,336,,2020-04-08,,,19458196,
153,1,,Traian Tandin,,Cei mai odioși 100 criminali români,,4.11,,,,448,,2020-04-08,,,22874939,
154,1,,Traian Tandin,,"Adio, ringo!",,4.23,,,,207,,2020-04-08,,,18166622,
155,1,,C.J. Tudor,,Omul de cretă,,3.71,,,9786064300638,284,,2020-04-08,,,43450419,
156,1,,Douglas Preston,,Crooked River ,,4.26,,,,396,,2020-04-08,,,51019892,
157,1,,Douglas Preston,,The Strange Case of Monsieur Bertin ,,4.03,,,9781538717585,70,,2020-04-08,,,51188639,
158,1,,Douglas Preston,,City of Endless Night ,,4.08,,,,416,,2020-04-08,,,34517346,
159,1,,Douglas Preston,,Verses for the Dead ,,4.22,,,9781538715482,434,,2020-04-08,,,40697525,
160,1,,Douglas Preston,,The Obsidian Chamber ,,3.98,,,9781455541676,560,,2020-04-08,,,29246616,
161,1,,Douglas Preston,,Crimson Shore ,,4.03,,,9781455525928,339,,2020-04-08,,,25614598,
162,1,,Douglas Preston,,Blue Labyrinth ,,4.13,,,9781455525898,403,,2020-04-08,,,20980959,
163,1,,Douglas Preston,,White Fire ,,4.11,,,9781455525836,368,,2020-04-08,,,17159011,
164,1,,Douglas Preston,,Extraction ,,3.98,,,9781455528080,128,,2020-04-08,,,15789985,
165,1,,Douglas Preston,,Two Graves ,,4.06,,,9780446554992,484,,2020-04-08,,,14889780,
166,1,,Douglas Preston,,Cold Vengeance ,,4.11,,,,457,,2020-04-08,,,40884817,
167,1,,Douglas Preston,,Fever Dream ,,4.12,,,9780446554961,405,,2020-04-08,,,7122034,
168,1,,Douglas Preston,,Cemetery Dance ,,4.03,,,9780446580298,435,,2020-04-08,,,2197227,
169,1,,Douglas Preston,,The Wheel of Darkness ,,3.96,,,9780446580281,388,,2020-04-08,,,39028,
170,1,,Douglas Preston,,The Book of the Dead ,,4.16,,,9780446576987,454,,2020-04-08,,,30068,
171,1,,Douglas Preston,,Dance of Death ,,4.19,,,9780446617093,560,,2020-04-08,,,136638,
172,1,,Douglas Preston,,Brimstone ,,4.15,,,9780446612753,740,,2020-04-08,,,136637,
173,1,,Douglas Preston,,Still Life With Crows ,,4.21,,,9780446612760,571,,2020-04-08,,,39033,
174,1,,Douglas Preston,,Reliquary ,,4.03,,,9780765354952,464,,2020-04-08,,,39030,
175,1,,Douglas Preston,,Relic ,,4.05,,,9780765354945,480,,2020-04-08,,,67035,
176,1,,Douglas Preston,,Vitrina de curiozitati ,,4.26,,,,571,,2020-04-08,,,25186197,
177,1,,Stefan Ahnhem,,Victimă fără chip,,3.97,,,,640,,2020-04-08,,,43658571,
178,1,,Caroline Kepnes,,You ,,3.96,,,9781501195433,464,,2020-04-08,,,36430011,
179,1,,Caroline Kepnes,,Corpuri ascunse ,,3.74,,,9786067632170,480,,2020-04-08,,,51195228,
180,1,,Karen M. McManus,,Unul dintre noi urmează ,,3.92,,,9786067632866,416,,2020-04-08,,,52237484,
181,1,,Karen M. McManus,,Doi pot ține un secret,,3.94,,,9786067631913,336,,2020-04-08,,,43726390,
182,1,,Michael Connelly,,Avocatul din limuzina ,,4.21,,,9786066097475,400,,2020-04-08,,,43474452,
183,1,,Michael Connelly,,Până la Capăt,,4.2,,,,400,,2020-04-08,,,29476079,
184,1,,Rachel Caine,,Heartbreak Bay ,,4.31,,,9781542093668,336,,2020-04-08,,,48763358,
185,1,,Rachel Caine,,Bitter Falls ,,4.28,,,9781542042345,336,,2020-04-08,,,44066986,
186,1,,Rachel Caine,,Wolfhunter River ,,4.13,,,9781503957312,330,,2020-04-08,,,36565384,
187,1,,Rachel Caine,,Refugiul de la Stillhouse Lake ,,4.12,,,9786067632187,336,,2020-04-08,,,43167039,
188,1,,Rachel Caine,,Coșmarul de la Killman Creek ,,4.25,,,9786067632347,368,,2020-04-08,,,51789603,
189,1,,Martin Cruz Smith,,Steaua Polară,,3.98,,,9786068673097,416,,2020-04-08,,,31683622,
190,1,,James Lee Burke,,Prizonierii raiului,,4.1,,,,368,,2020-04-08,,,29365752,
191,1,,Frances Fyfield,,Sânge din Piatră,,3.53,,,9786069351017,360,,2020-04-08,,,29365898,
192,1,,John Verdon,,Gândește-te la un număr,,3.88,,,9786068673554,520,,2020-04-08,,,36761253,
193,1,,Tony Hillerman,,Lupul din umbră,,4.02,,,9786068673080,232,,2020-04-08,,,34733429,
194,1,,Richard Stark,,Vanatorul ,,4.01,,,9786068673066,208,,2020-04-08,,,35224550,
195,1,,James M. Cain,,Poştaşul sună întotdeauna de două ori,,3.77,,,9789736754234,144,,2020-04-08,,,8270887,
196,1,,Max Brooks,,Războiul Z,,4.02,,,9789737076779,448,,2020-04-08,,,17191242,
197,1,,Cormac McCarthy,,The Road,,3.99,,,9780307265432,241,,2020-04-08,,,6288,
198,1,,Jo Nesbø,,Omul de zăpadă ,,4.02,,,9786066095228,507,,2020-04-02,,,21898887,
199,1,,H.G. Wells,,Omul invizibil. Războiul lumilor,,3.84,,,9786065391949,416,,2020-03-21,,,8189209,
200,1,,Tom Gabbay,,Conspiratia din Berlin,,3.78,,,,320,,2020-03-02,2020-03-07,,38841898,
201,1,,Geoffrey Girard,,Mary Rose,,3.32,,,9781681689647,0,,2020-03-21,,,35801517,
202,1,,Yrsa Sigurdardottir,,Suflete damnate,,3.75,,,9789737074287,432,,2020-03-02,2020-03-21,,17875754,
203,1,,Jack London,,Chemarea străbunilor,,3.9,,,9789731848877,270,,2020-03-10,,,6396702,
204,1,,Stephen King,,1922,,3.91,,,,132,,2020-03-10,,,22844166,
205,1,,Arnaldur Indriðason,,Orasul borcanelor,,3.81,,,9789737074461,256,,2020-03-02,2020-03-10,,13051440,
206,1,,Patrick Ness,,Vocea pumnalului ,,3.97,,,,512,,2020-03-07,,,25532178,
207,1,,Walter Dean Myers,,Monstrul,,3.73,,,9786067197402,280,,2020-03-07,,,35480317,
208,1,,Taylor Stevens,,Inocentii ,,3.89,,,,416,,2020-03-07,,,34540641,
209,1,,James Dashner,,Cu ochii minții ,,3.84,,,,320,,2020-03-07,,,32922095,
210,1,,Federico Axat,,Ultima scapare,,3.84,,,9786064000521,496,,2020-03-07,,,37783320,
211,1,,Lauren Frankel,,Adevăr sau Provocare,,3.51,,,,368,,2020-03-07,,,29475966,
212,1,,Mark  Lawrence,,Prinţul Spinilor ,,3.84,,,9789737078315,392,,2020-03-07,,,23058820,
213,1,,Luca D'Andrea,,Esența răului,,3.59,,,9786064000590,512,,2020-03-07,,,35718927,
214,1,,Kevin Sands,,Cheia Maestrului,,4.16,,,9786067195309,336,,2020-03-07,,,27865686,
215,1,,Patrick Ness,,Pe viață și pe moarte,,4.19,,,,536,,2020-03-07,,,29957327,
216,1,,Jill Alexander Essbaum,,Casnica,,3.24,,,,0,,2020-03-07,,,32686102,
217,1,,Andrew Michael Hurley,,Ţinutul Loney,,3.27,,,9786067195408,376,,2020-03-07,,,32617475,
218,1,,Matt Haig,,Băiatul Echo,,3.76,,,9786067192896,448,,2020-03-07,,,25835442,
219,1,,Jenny Hubbard,,Zăpada mieilor,,3.44,,,9786067197020,240,,2020-03-07,,,34829173,
220,1,,Keith Stuart,,Băiatul care voia să-și construiască lumea,,4.29,,,9786064000217,464,,2020-03-07,,,35080052,
221,1,,A.J. Kazinski,,Somnul și moartea ,,3.95,,,9789737078735,608,,2020-03-07,,,20317466,
222,1,,Arnaldur Indriðason,,Linistea mormantului,,3.96,,,9789737074553,336,,2020-03-07,,,16179589,
223,1,,Anne Holt,,Fericiţi cei însetaţi,,3.6,,,9789737078841,264,,2020-03-07,,,19477164,
224,1,,Marina Anderson,,Secrete întunecate ,,3.36,,,,200,,2020-03-07,,,28948022,
225,1,,Lola Lafon,,Fetiţa care nu zâmbea niciodată,,3.72,,,9786067190601,296,,2020-03-07,,,23429990,
226,1,,Arnaldur Indriðason,,Vocile,,3.87,,,9789737075352,376,,2020-03-07,,,16159055,
227,1,,Michael A. Stackpole,,Talion: Revenantul,,4.17,,,9789737078216,624,,2020-03-07,,,23517013,
228,1,,Salla Simukka,,Alb ca zăpada ,,3.47,,,9786067191745,192,,2020-03-07,,,25015750,
229,1,,Félix J. Palma,,Harta cerului,,3.94,,,9789737076847,728,,2020-03-07,,,16156365,
230,1,,Moïra Fowley-Doyle,,Sezonul accidentelor,,3.55,,,9786067199093,272,,2020-03-07,,,35011679,
231,1,,Stoian G. Bogdan,,Nu Stiu Cate Zile,,3.55,,,9789737074256,188,,2020-03-07,,,13051111,
232,1,,Jan Wallentin,,Steaua lui Strindberg,,2.7,,,9789737077486,544,,2020-03-07,,,18665418,
233,1,,Lars Kepler,,Sub hipnoza   ,,3.74,,,9789737074065,664,,2020-03-07,,,16179627,
234,1,,Harlan Ellison,,Viziuni periculoase,,4.17,,,9789737078674,800,,2020-03-07,,,23255568,
235,1,,Johan Theorin,,Camera intunecata,,3.84,,,9789737074782,496,,2020-03-07,,,16179343,
236,1,,Stephen King,,La miezul nopţii 1,,4.36,,,9789737070630,616,,2020-03-07,,,20697849,
237,1,,Stephen King,,La miezul nopţii 2,,4.05,,,9789737072061,552,,2020-03-07,,,20697881,
238,1,,Paul McAuley,,Copilul fluviului ,,3.7,,,9789737078988,456,,2020-03-07,,,21874551,
239,1,,Alexander Söderberg,,Prietenul andaluz,,3.21,,,9789737077493,600,,2020-03-07,,,21903591,
240,1,,Ciprian Măceșaru,,Portbagaj,,3.14,,,9786067190144,104,,2020-03-07,,,22006299,
241,1,,Lloyd Jones,,Mister Pip,,3.68,,,9780385341066,256,,2020-03-07,,,543873,
242,1,,Danny Wallace,,Yes Man,,4.08,,,9781416918349,371,,2020-03-07,,,87804,
243,1,,Joël Dicker,,Cartea clanului din Baltimore,,4.12,,,9786067197600,488,,2020-03-07,,,30545491,
244,1,,Yasmina Khadra,,Sirenele Bagdadului,,3.86,,,9789737072849,296,,2020-03-07,,,16187748,
245,1,,Salla Simukka,,Negru ca abanosul ,,3.54,,,9786067197686,160,,2020-03-07,,,31187394,
246,1,,Jean-Christophe Grangé,,Kaïken,,3.65,,,9782226243034,480,,2020-03-07,,,15992745,
247,1,,Serge Brussolo,,Secțiune printr-un oraș bolnav,,3.56,,,9786067190908,248,,2020-03-07,,,23628464,
248,1,,Erika Johansen,,Regina Adevărată ,,3.99,,,9786067191691,536,,2020-03-07,,,25641878,
249,1,,Susan Ee,,Lumea de Apoi ,,4.15,,,9786067199314,392,,2020-03-07,,,35278637,
250,1,,Jaroslav Kalfar,,Astronautul din Boemia,,3.81,,,,336,,2020-03-07,,,38891524,
251,1,,E. Lockhart,,Impostoarea,,3.25,,,,288,,2020-03-07,,,36763275,
252,1,,J.D. Horn,,Sursa ,,3.96,,,,440,,2020-03-07,,,38106591,
253,1,,Patrick Ness,,Monștrii din oameni,,4.22,,,9786067198317,600,,2020-03-07,,,44584989,
254,1,,Pierre Lemaitre,,Rosy & John ,,3.62,,,9782253175957,142,,2020-03-07,,,18271724,
255,1,,J.D. Horn,,Bariera ,,3.82,,,,360,,2020-03-07,,,36764293,
256,1,,Alexandra Bracken,,După asfințit ,,4.25,,,,624,,2020-03-07,,,37881258,
257,1,,Alice Broadway,,Cerneală ,,3.58,,,9786064003218,336,,2020-03-07,,,38106565,
258,1,,Kathryn Hughes,,Scrisoare pentru două iubiri,,4.05,,,,376,,2020-03-07,,,36697514,
259,1,,James Dashner,,Controlul gandurilor ,,3.95,,,9786064001153,336,,2020-03-10,,,36630475,
260,1,,Max Eisen,,Cu pretul vietii-O poveste despre curaj si supravietuire la Auschwitz,,4.56,,,9786060061366,256,,2020-03-07,,,43667590,
261,1,,Gillian Flynn,,Locuri întunecate,,3.95,,,9786067191066,482,,2020-03-02,2020-03-07,,23215432,
262,1,,Jeff Lindsay,,Dexter: Vise întunecate ,,3.9,,,9786069351086,273,,2020-03-02,2020-03-07,,22678706,
263,1,,Jeff Lindsay,,Dragul și devotatul Dexter,,3.86,,,9786068673318,293,,2020-03-02,2020-03-07,,34625110,
264,1,,Renée Knight,,Avertisment,,3.6,,,9786067192858,336,,2020-03-02,2020-03-07,,25677959,
265,1,,Rodica Ojog-Braşoveanu,,Crimă prin mica publicitate,,3.65,,,,96,,2020-03-02,2020-03-07,,13507716,
266,1,,Rick Yancey,,Ultima stea ,,3.61,,,,391,,2020-03-02,2020-03-07,,34946763,
267,1,,Rick Yancey,,Marea nesfârşită ,,3.84,,,9786069396209,384,,2020-03-02,2020-03-07,,26516587,
268,1,,Rick Yancey,,Al cincilea val ,,4.01,,,9786069363195,530,,2020-03-02,2020-03-07,,24924155,
269,1,,Rodica Ojog-Braşoveanu,,Apel din necunoscut,,4.16,,,9786065793132,303,,2020-03-02,2020-03-07,,17257382,
270,1,,Philip Roth,,Pata umană,,3.91,,,9789736812422,480,,2020-03-02,2020-03-07,,17264712,
271,1,,Rodica Ojog-Braşoveanu,,Moartea semnează indescifrabil,,4.13,,,,270,,2020-03-02,2020-03-07,,9308125,
272,1,,Rodica Ojog-Braşoveanu,,Omul de la capătul firului,,4.02,,,,0,,2020-03-02,2020-03-07,,13361296,
273,1,,Truman Capote,,Cu sânge rece,,4.09,,,,421,,2020-03-02,2020-03-07,,40994480,
274,1,,Jay Asher,,Cele treisprezece motive,,3.85,,,9789731024462,320,,2020-03-02,2020-03-07,,16150015,
275,1,,Josh Malerman,,Bird Box: Orbește,,4.04,,,9786067935646,352,,2020-03-02,2020-03-07,,43601381,
276,1,,Shirley Jackson,,Casa bântuită,,3.82,,,9786063337833,246,,2020-03-02,2020-03-07,,46039878,
277,1,,Gillian Flynn,,Obiecte ascuţite,,4.02,,,9789737332301,240,,2020-03-02,2020-03-07,,15836874,
278,1,,E.O. Chirovici,,Cartea oglinzilor,,3.51,,,9786067762075,298,,2020-03-02,2020-03-07,,34118301,
279,1,,Jeffery Deaver,,Omul disparut ,,4.1,,,9789734607327,624,,2020-03-02,2020-03-07,,27865307,
280,1,,Stephen King,,Misery,,4.21,,,9789731432335,416,,2020-03-02,2020-03-07,,18186923,
281,1,,Anne Holt,,Eroare judiciară,,3.72,,,9789737073129,448,,2020-03-02,2020-03-07,,8474866,
282,1,,Jack Ross,,Recviem,,4.33,,,,0,,2020-03-02,2020-03-07,,51122925,
283,1,,P.J. Tracy,,Momeala vie,,4.06,,,9786068255613,384,,2020-03-02,2020-03-07,,17907698,
284,1,,James Patterson,,Detectivul Alex Cross,,4.04,,,9786066093101,0,,2020-03-02,2020-03-07,,44541610,
285,1,,Michael Cordy,,Lucifer,,3.74,,,9789731034270,384,,2020-03-02,2020-03-07,,38109978,
286,1,,William Diehl,,Cameleonul,,3.7,,,,460,,2020-03-07,,,24818316,
287,1,,Truman Capote,,Breakfast at Tiffany's and Three Stories,,3.85,,,,142,,2020-03-07,,,251688,
288,1,,Truman Capote,,"The Grass Harp, Including A Tree of Night and Other Stories",,4.01,,,9780679745570,272,,2020-03-07,,,9924,
289,1,,Truman Capote,,The Complete Stories of Truman Capote,,4.19,,,9781400096916,320,,2020-03-07,,,2281,
290,1,,Tom Gabbay,,The Tehran Conviction ,,3.84,,,9780061188459,282,,2020-03-07,,,6340161,
291,1,,Tom Gabbay,,The Lisbon Crossing ,,3.61,,,9780061188435,310,,2020-03-07,,,745597,
292,1,,Stephen King,,Jocul lui Gerald,,3.57,,,9789731431253,369,,2020-03-07,,,16080693,
293,1,,Stephen King,,The Little Sisters of Eluria,,4.19,,,9781880418734,312,,2020-03-07,,,6356190,
294,1,,Stephen King,,Lisey's Story,,3.7,,,9780743289412,513,,2020-03-07,,,10566,
295,1,,Stephen King,,Elevation,,3.65,,,9781982102319,146,,2020-03-07,,,38355410,
296,1,,Stephen King,,The Wind Through the Keyhole ,,4.14,,,,322,,2020-03-07,,,12341557,
297,1,,Stephen King,,Nightmares and Dreamscapes,,3.95,,,9780450610097,836,,2020-03-07,,,10588,
298,1,,Stephen King,,Hearts in Atlantis,,3.85,,,9780340818671,640,,2020-03-07,,,11602,
299,1,,Stephen King,,End of Watch ,,4.1,,,9781501129742,432,,2020-03-07,,,25526965,
300,1,,Stephen King,,The Institute,,4.2,,,,561,,2020-03-07,,,43798285,
301,1,,Stephen King,,Rose Madder,,3.75,,,,595,,2020-03-07,,,10619,
302,1,,Stephen King,,Revival,,3.8,,,9781476770383,405,,2020-03-07,,,20926278,
303,1,,Stephen King,,"Full Dark, No Stars",,4.08,,,9781439192566,368,,2020-03-07,,,7912007,
304,1,,Stephen King,,Four Past Midnight,,3.95,,,,930,,2020-03-07,,,133266,
305,1,,Stephen King,,Duma Key,,3.97,,,9781416552512,611,,2020-03-07,,,472343,
306,1,,Stephen King,,The Eyes of the Dragon,,3.94,,,,427,,2020-03-07,,,10611,
307,1,,Stephen King,,Finders Keepers ,,4.06,,,9781501100079,434,,2020-03-07,,,23492589,
308,1,,Stephen King,,Joyland,,3.93,,,9781781162644,285,,2020-03-07,,,13596166,
309,1,,Stephen King,,Skeleton Crew,,3.97,,,9780751504385,612,,2020-03-07,,,13440,
310,1,,Stephen King,,The Tommyknockers,,3.59,,,,747,,2020-03-07,,,17660,
311,1,,Stephen King,,The Mist,,3.94,,,,176,,2020-03-07,,,813214,
312,1,,Stephen King,,Desperation,,3.85,,,,547,,2020-03-07,,,10584,
313,1,,Stephen King,,The Girl Who Loved Tom Gordon,,3.63,,,9781416524298,264,,2020-03-07,,,11564,
314,1,,Stephen King,,The Dark Half,,3.8,,,9780450524684,469,,2020-03-07,,,11597,
315,1,,Stephen King,,Dolores Claiborne,,3.92,,,9781101138175,384,,2020-03-07,,,7278752,
316,1,,Stephen King,,Song of Susannah ,,3.99,,,,544,,2020-03-07,,,5093,
317,1,,Stephen King,,Insomnia,,3.83,,,9788497597722,896,,2020-03-07,,,10585,
318,1,,Stephen King,,Night Shift,,4.03,,,,409,,2020-03-07,,,10628,
319,1,,Stephen King,,Dreamcatcher,,3.65,,,9782226131904,688,,2020-03-07,,,11570,
320,1,,Stephen King,,The Dark Tower ,,4.28,,,,1050,,2020-03-07,,,5091,
321,1,,Stephen King,,Wolves of the Calla ,,4.19,,,9781416516934,960,,2020-03-07,,,4978,
322,1,,Stephen King,,Bag of Bones,,3.92,,,9780671024239,736,,2020-03-07,,,10589,
323,1,,Stephen King,,Wizard and Glass ,,4.26,,,9780340829783,845,,2020-03-07,,,5096,
324,1,,Stephen King,,The Dead Zone,,3.96,,,9780451155757,402,,2020-03-07,,,11573,
325,1,,Stephen King,,Cell,,3.66,,,9781416524519,449,,2020-03-07,,,10567,
326,1,,Stephen King,,Firestarter,,3.91,,,,564,,2020-03-07,,,233667,
327,1,,Stephen King,,Christine,,3.84,,,9782253147695,411,,2020-03-07,,,10629,
328,1,,Stephen King,,Different Seasons,,4.35,,,9780751514629,560,,2020-03-07,,,39662,
329,1,,Stephen King,,The Waste Lands ,,4.25,,,9780670032563,590,,2020-03-07,,,34084,
330,1,,Stephen King,,Needful Things,,3.97,,,,790,,2020-03-07,,,107291,
331,1,,Stephen King,,Cujo,,3.78,,,9780307348241,432,,2020-03-07,,,10603,
332,1,,Stephen King,,Mr. Mercedes ,,4.02,,,9781476754451,437,,2020-03-07,,,18775247,
333,1,,Stephen King,,The Drawing of the Three ,,4.23,,,9780451210852,463,,2020-03-07,,,5094,
334,1,,Stephen King,,On Writing: A Memoir of the Craft,,4.34,,,9780743455961,320,,2020-03-07,,,10569,
335,1,,Stephen King,,Under the Dome,,3.92,,,9781439148501,1074,,2020-03-07,,,6320534,
336,1,,Stephen King,,The Stand,,4.35,,,,1152,,2020-03-07,,,149267,
337,1,,Stephen King,,The Green Mile,,4.48,,,9780451933027,592,,2020-03-07,,,11566,
338,1,,Stephen King,,’Salem’s Lot,,4.06,,,9780450031069,483,,2020-03-07,,,11590,
339,1,,Stephen King,,11/22/63,,4.33,,,9781451627282,849,,2020-03-07,,,10644930,
340,1,,Stephen King,,The Gunslinger ,,3.92,,,,231,,2020-03-07,,,43615,
341,1,,Stephen Booth,,Fall Down Dead ,,3.92,,,9780751567618,384,,2020-03-07,,,37944314,
342,1,,Stephen Booth,,Dead in the Dark ,,3.83,,,,295,,2020-03-07,,,33280952,
343,1,,Stephen Booth,,Secrets of Death ,,3.73,,,,400,,2020-03-07,,,29074950,
344,1,,Stephen Booth,,The Murder Road ,,3.78,,,9780751559941,416,,2020-03-07,,,25831890,
345,1,,Stephen Booth,,The Corpse Bridge ,,3.79,,,,401,,2020-03-07,,,20094177,
346,1,,Stephen Booth,,Already Dead ,,3.79,,,9780751551716,384,,2020-03-07,,,17447624,
347,1,,Stephen Booth,,Dead and Buried ,,3.92,,,9781847444813,384,,2020-03-07,,,12543587,
348,1,,Stephen Booth,,Claws ,,3.57,,,9781905512249,96,,2020-03-07,,,1187852,
349,1,,Stephen Booth,,The Devil's Edge ,,3.76,,,9781847444790,344,,2020-03-07,,,10446384,
350,1,,Stephen Booth,,Lost River ,,3.78,,,9780007243488,360,,2020-03-07,,,7599895,
351,1,,Stephen Booth,,Dying to Sin ,,3.92,,,9780007243426,408,,2020-03-07,,,1187849,
352,1,,Stephen Booth,,The Kill Call ,,3.81,,,9780007243457,408,,2020-03-07,,,6082758,
353,1,,Stephen Booth,,Scared to Live ,,3.85,,,9780007172108,630,,2020-03-07,,,1187860,
354,1,,Stephen Booth,,One Last Breath ,,3.87,,,9780440242703,560,,2020-03-07,,,145528,
355,1,,Stephen Booth,,Blind To The Bones ,,3.84,,,9780440242901,608,,2020-03-07,,,216314,
356,1,,Stephen Booth,,Blood on the Tongue ,,3.93,,,9780743457835,480,,2020-03-07,,,503232,
357,1,,Stephen Booth,,Dancing with the Virgins ,,3.84,,,9780743431002,528,,2020-03-07,,,522367,
358,1,,Ruth Ware,,Huis te koop,,3.29,,,9789024581788,17,,2020-03-07,,,37640637,
359,1,,Ruth Ware,,The Turn of the Key,,3.92,,,9781501188770,337,,2020-03-07,,,42080142,
360,1,,Ruth Ware,,The Lying Game,,3.53,,,9781501156007,370,,2020-03-07,,,32895291,
361,1,,Ruth Ware,,The Woman in Cabin 10,,3.74,,,9781501132933,341,,2020-03-07,,,28187230,
362,1,,Ruth Ware,,"In a Dark, Dark Wood",,3.72,,,9781501112331,308,,2020-03-07,,,27834600,
363,1,,Robert Ludlum,,The Icarus Agenda,,3.98,,,9780553278002,678,,2020-03-07,,,573201,
364,1,,Robert Ludlum Stephen Gilpin,,The Matarese Countdown ,,3.9,,,9780752858456,576,,2020-03-07,,,573202,
365,1,,Robert Ludlum,,The Matarese Circle ,,4.07,,,9780752858555,544,,2020-03-07,,,31231,
366,1,,Eric Van Lustbader,,The Bourne Initiative ,,3.82,,,9781455598014,432,,2020-03-07,,,31933375,
367,1,,Eric Van Lustbader,,The Bourne Enigma ,,3.85,,,9781455597949,420,,2020-03-07,,,29775887,
368,1,,Eric Van Lustbader,,The Bourne Ascendancy ,,3.93,,,9781455577538,454,,2020-03-07,,,18656238,
369,1,,Eric Van Lustbader,,The Bourne Retribution ,,4.02,,,9781409149248,432,,2020-03-07,,,18759910,
370,1,,Eric Van Lustbader,,The Bourne Imperative ,,3.9,,,9780446564472,435,,2020-03-07,,,12988988,
371,1,,Eric Van Lustbader,,The Bourne Objective ,,4.08,,,9780446539814,437,,2020-03-07,,,7144426,
372,1,,Eric Van Lustbader,,The Bourne Dominion ,,3.94,,,9780446564441,421,,2020-03-07,,,9682791,
373,1,,Eric Van Lustbader,,The Bourne Deception ,,4.03,,,9780446539821,423,,2020-03-07,,,5327061,
374,1,,Eric Van Lustbader,,The Bourne Sanction ,,3.9,,,9780446539869,484,,2020-03-07,,,2590991,
375,1,,Eric Van Lustbader,,The Bourne Betrayal ,,3.9,,,9780446580373,486,,2020-03-07,,,70087,
376,1,,Robert Ludlum,,The Bourne Ultimatum ,,4.07,,,9780752858494,725,,2020-03-07,,,31259,
377,1,,Robert Ludlum,,The Bourne Supremacy ,,4.11,,,9780752863887,688,,2020-03-07,,,15769,
378,1,,Rick Yancey,,The Thirteenth Skull ,,3.91,,,9781599901145,304,,2020-03-07,,,2043256,
379,1,,Rick Yancey,,The Extraordinary Adventures of Alfred Kropp ,,3.76,,,9781582346939,375,,2020-03-07,,,670339,
380,1,,Rick Yancey,,The Seal of Solomon ,,3.89,,,9781599900452,336,,2020-03-07,,,384565,
381,1,,Rick Yancey,,The Final Descent ,,3.8,,,9781442451551,320,,2020-03-07,,,13260751,
382,1,,Rick Yancey,,The Isle of Blood ,,4.23,,,9781416984528,538,,2020-03-07,,,9955669,
383,1,,Rick Yancey,,The Curse of the Wendigo ,,4.17,,,9781416984504,424,,2020-03-07,,,7775755,
384,1,,Rick Yancey,,The Monstrumologist ,,3.91,,,9781416984481,434,,2020-03-07,,,6457229,
385,1,,Richard Matheson,,Duel,,4.03,,,9780312878269,400,,2020-03-07,,,33554,
386,1,,Richard Matheson,,Road Rage,,3.92,,,9780061726354,120,,2020-03-07,,,3547311,
387,1,,Richard Matheson,,The Shrinking Man,,3.78,,,9780575074637,201,,2020-03-07,,,33549,
388,1,,Richard Matheson,,Somewhere In Time,,3.85,,,9780312868864,316,,2020-03-07,,,581126,
389,1,,Richard Matheson,,"Nightmare at 20,000 Feet: Horror Stories",,4.07,,,9780312878276,336,,2020-03-07,,,33544,
390,1,,Richard Matheson,,What Dreams May Come,,3.95,,,9780765308702,288,,2020-03-07,,,33555,
391,1,,Richard Matheson,,A Stir of Echoes,,3.86,,,9780765308719,224,,2020-03-07,,,33553,
392,1,,Richard Matheson,,Hell House,,3.75,,,9780727860996,301,,2020-03-07,,,33547,
393,1,,Raymond Khoury,,Rasputin's Shadow ,,3.69,,,9780525953135,416,,2020-03-07,,,17624976,
394,1,,Raymond Khoury,,The End Game ,,3.92,,,9781409143833,416,,2020-03-07,,,25809834,
395,1,,Raymond Khoury,,The Devil's Elixir ,,3.75,,,9780525952435,384,,2020-03-07,,,10794693,
396,1,,Ransom Riggs,,The Desolations of Devil's Acre ,,4.23,,,,528,,2020-03-07,,,41556895,
397,1,,Ransom Riggs,,The Conference of the Birds ,,4.09,,,9780735231511,400,,2020-03-07,,,41556894,
398,1,,Ransom Riggs,,A Map of Days ,,4.12,,,9780735231481,496,,2020-03-07,,,32943032,
399,1,,P.J. Tracy,,Ice Cold Heart ,,4.13,,,9780241345825,384,,2020-03-07,,,43201777,
400,1,,P.J. Tracy,,The Guilty Dead ,,4.09,,,9781683318583,325,,2020-03-07,,,39786551,
401,1,,P.J. Tracy,,Nothing Stays Buried ,,4.14,,,9780735212459,308,,2020-03-07,,,32956364,
402,1,,P.J. Tracy,,The Sixth Idea ,,3.98,,,9780399169359,306,,2020-03-07,,,27774621,
403,1,,P.J. Tracy,,Off the Grid ,,3.87,,,9780399158049,320,,2020-03-07,,,13593923,
404,1,,P.J. Tracy,,Snow Blind ,,3.96,,,9780399153396,320,,2020-03-07,,,44784,
405,1,,P.J. Tracy,,Shoot to Thrill ,,3.96,,,9780399155208,308,,2020-03-07,,,5967294,
406,1,,P.J. Tracy,,Monkeewrench ,,4.12,,,9780451211576,421,,2020-03-07,,,44783,
407,1,,N.K. Jemisin,,The Stone Sky ,,4.35,,,,416,,2020-03-07,,,31817749,
408,1,,Mons Kallentoft,,Spring Remains,,3.7,,,9781451642711,480,,2020-03-07,,,22609467,
409,1,,Mons Kallentoft,,Summer Death ,,3.58,,,9781451642544,464,,2020-03-07,,,16130425,
410,1,,Marian Coman,,Haiganu. Tristețea zeilor,,0.0,,,,0,,2020-03-07,,,40191743,
411,1,1,Marian Coman,,Haiganu. Furia Oarbă ,,4.35,,"<p><span style=""color:hsl(0, 0%, 0%);"">Un copil ucis în încleștarea Celor Mari. Cohorte de monştri înfiorători. Două lumi în pragul dezastrului și un zeu ajuns la capătul răbdării. Oroare, aventură și mister, în cel de-al doilea volum din seria Haiganu.Când războiul prinde în ghearele sale lumea, creaturile mânate în luptă de Dekibalos, Moroianu și Akarun trec prin foc și sabie cetate după cetate, în vreme ce un mag proscris ajunge dincolo de marea cea mare, în tărâmurile neumblate, iar un copil pășește în lumea Celor Mari unde-l așteaptă grozăvii mai mari decât cele pe care le-a îndurat pe pământ. Va reuși Haiganu să salveze lumea sau va fi el însuși cel care îi va pune capăt?Ilustrat de graficianul Andrei Moldovan, romanul lui Marian Coman continuă povestea din ”Haiganu. Fluviul Șoaptelor”, într-un univers fantastic ce-și trage seva din mitologia traco-dacă și din folclorul românesc.</span></p>",9786069364079,240,,2020-03-07,,https://www.goodreads.com/book/show/34909432-haiganu-furia-oarb,34909432,https://images-na.ssl-images-amazon.com/images/S/compressed.photo.goodreads.com/books/1492693923i/34909432.jpg
412,1,,Margaret Atwood,,Inima cedează ultima,,3.4,,,9786067106398,496,,2020-03-02,,,49211059,
413,1,,Jeffery Deaver,,Solitude Creek ,,3.91,,,9781455517152,456,,2020-03-07,,,23197534,
414,1,,Jeffery Deaver,,XO ,,3.79,,,,385,,2020-03-07,,,12988640,
415,1,,Jeffery Deaver,,The Sleeping Doll ,,3.94,,,9780340833841,448,,2020-03-07,,,1050383,
416,1,,Jeffery Deaver,,The Cutting Edge ,,4.06,,,9781455536429,434,,2020-03-07,,,36040518,
417,1,,Jeffery Deaver,,The Burial Hour ,,3.87,,,9781455536375,480,,2020-03-07,,,31423445,
418,1,,Jeffery Deaver,,The Deliveryman ,,3.86,,,,75,,2020-03-07,,,28602068,
419,1,,Jeffery Deaver,,A Textbook Case ,,3.93,,,9781455526833,45,,2020-03-07,,,15791551,
420,1,,James Patterson,,Criss Cross ,,4.26,,,9781473563049,400,,2020-03-07,,,44032726,
421,1,,James Patterson,,Target: Alex Cross ,,4.11,,,,414,,2020-03-07,,,42286254,
422,1,,James Patterson,,The People vs. Alex Cross ,,4.23,,,,432,,2020-03-07,,,34522506,
423,1,,James Patterson,,Detective Cross ,,4.11,,,,145,,2020-03-07,,,33540631,
424,1,,James Patterson,,Cross the Line ,,4.08,,,9781784752026,400,,2020-03-07,,,28936152,
425,1,,James Patterson,,Cross Kill ,,3.94,,,9780316317146,113,,2020-03-07,,,28925608,
426,1,,James Patterson,,Cross Justice ,,4.26,,,9780316407137,528,,2020-03-07,,,25066591,
427,1,,James Patterson,,"Alex Cross, Run ",,4.1,,,9780316097529,416,,2020-03-07,,,13521299,
428,1,,James Patterson,,"Merry Christmas, Alex Cross ",,3.92,,,9780316210737,352,,2020-03-07,,,13097901,
429,1,,James Patterson,,Kill Alex Cross ,,4.06,,,9781846057649,375,,2020-03-07,,,10343389,
430,1,,James Patterson,,Cross Fire ,,4.11,,,9780316036177,356,,2020-03-07,,,7856305,
431,1,,James Patterson,,"I, Alex Cross ",,4.04,,,9780316018784,400,,2020-03-07,,,6405929,
432,1,,James Patterson,,Double Cross ,,4.04,,,9780316015059,389,,2020-03-07,,,552887,
433,1,,James Patterson,,Cross Country ,,3.88,,,9780316024648,480,,2020-03-07,,,1713912,
434,1,,James Patterson,,"Mary, Mary ",,3.99,,,9780446619035,413,,2020-03-07,,,84736,
435,1,,James Patterson,,London Bridges ,,3.96,,,9780446613354,403,,2020-03-07,,,13151,
436,1,,James Patterson,,The Big Bad Wolf  ,,4.03,,,9780446610223,400,,2020-03-07,,,6588,
437,1,,James Patterson,,Four Blind Mice ,,4.03,,,9780747266921,416,,2020-03-07,,,53625,
438,1,,James Patterson,,Violets Are Blue ,,3.99,,,9780446611213,391,,2020-03-07,,,79379,
439,1,,James Patterson,,Roses Are Red ,,4.07,,,9780446605489,416,,2020-03-07,,,79378,
440,1,,James Patterson,,Pop Goes the Weasel ,,4.03,,,9780446608817,461,,2020-03-07,,,13143,
441,1,,James Patterson,,Cat & Mouse ,,4.02,,,,416,,2020-03-07,,,21436,
442,1,,James Patterson,,Along Came a Spider ,,4.13,,,9780446692632,449,,2020-03-07,,,13145,
443,1,,James Patterson,,Jack & Jill ,,3.99,,,9780446692656,466,,2020-03-07,,,13140,
444,1,,James Patterson,,Kiss the Girls ,,3.99,,,9780446677387,481,,2020-03-07,,,13148,
445,1,,Jack Whyte,,Order in Chaos ,,3.95,,,9780399155772,560,,2020-03-07,,,6085820,
446,1,,Jack Whyte,,Standard of Honor ,,3.89,,,9780670045143,540,,2020-03-07,,,1650462,
447,1,,Dmitry Glukhovsky,,Metro 2033 ,,4.02,,,9781481845700,458,,2020-03-07,,,17274667,
448,1,,Dmitry Glukhovsky,,Metro 2035 ,,3.94,,,9781539930723,497,,2020-03-07,,,33113864,
449,1,,Dmitry Glukhovsky,,Metro 2034 ,,3.51,,,9783453533011,526,,2020-03-07,,,6667916,
450,1,,Craig Russell,,The Ghosts of Altona ,,4.05,,,9781780874920,432,,2020-03-07,,,25367162,
451,1,,Craig Russell,,A Fear Of Dark Water ,,3.86,,,9780091921460,352,,2020-03-07,,,10593415,
452,1,,Craig Russell,,The Valkyrie Song ,,4.07,,,9780091921446,416,,2020-03-07,,,7054697,
453,1,,Russell Craig,,The Carnival Master ,,3.92,,,9780099522645,441,,2020-03-07,,,6456890,
454,1,,Craig Russell,,Brother Grimm ,,3.89,,,9780099484226,448,,2020-03-07,,,1033957,
455,1,,Craig Russell,,Blood Eagle ,,3.78,,,9780099472582,482,,2020-03-07,,,2187393,
456,1,,Andrew Gross,,One Mile Under ,,3.86,,,9780061655999,396,,2020-03-07,,,18634986,
457,1,,Andrew Gross,,Reckless ,,3.83,,,9780061655951,401,,2020-03-07,,,6975850,
458,1,,Andrew Gross,,Don't Look Twice ,,3.79,,,9780061143441,376,,2020-03-07,,,4774462,
459,1,,Alex Berenson,,The Prisoner ,,4.21,,,,430,,2020-03-07,,,30583156,
460,1,,Alex Berenson,,The Wolves ,,4.08,,,9780399176142,389,,2020-03-07,,,25716596,
461,1,,Alex Berenson,,Twelve Days ,,4.08,,,9780399159749,422,,2020-03-07,,,22571522,
462,1,,Alex Berenson,,The Night Ranger ,,4.08,,,9780399159725,387,,2020-03-07,,,15815367,
463,1,,Alex Berenson,,The Shadow Patrol ,,4.13,,,9780399158292,400,,2020-03-07,,,11890812,
464,1,,Alex Berenson,,The Secret Soldier  ,,4.16,,,9780399157080,401,,2020-03-07,,,8733507,
465,1,,Alex Berenson,,The Midnight House ,,4.03,,,9780399156205,385,,2020-03-07,,,6999817,
466,1,,Alex Berenson,,The Ghost War ,,4.05,,,9780399154539,383,,2020-03-07,,,1159413,
467,1,,Jeffery Deaver,,Edge,,4.0,,,9781439195956,416,,2020-03-02,,,9435890,
468,1,,Jeffery Deaver,,The Steel Kiss ,,4.05,,,9781455536344,486,,2020-03-02,,,25861995,
469,1,,Jeffery Deaver,,The Kill Room ,,3.9,,,9781444757330,456,,2020-03-02,,,16051543,
470,1,,Jeffery Deaver,,The Skin Collector  ,,3.99,,,9781455517138,430,,2020-03-02,,,18453226,
471,1,,Jeffery Deaver,,The Burning Wire ,,4.05,,,9781439156339,414,,2020-03-02,,,7099389,
472,1,,Patricia Cornwell,,Trace ,,3.82,,,9780425204207,401,,2020-03-02,,,6530,
473,1,,M.J. Arlidge,,Ghici cine moare primul,,3.95,,,9786067191721,408,,2020-03-02,,,25098191,
474,1,,John Grisham,,Campionul din Arkansas,,3.75,,,9789731035635,448,,2020-03-02,,,18275015,
475,1,,Meg Gardiner,,Lantul de crime ,,3.89,,,9786068631288,352,,2020-03-02,,,26212864,
476,1,,B.A. Paris,,În spatele ușilor închise,,3.98,,,,304,,2020-03-02,,,36670250,
477,1,,James Rayburn,,Adevărul absolut,,3.85,,,9786069418581,352,,2020-03-02,,,39801987,
478,1,,Haylen Beck,,Dispariția din Silver Water,,3.99,,,9786067631302,352,,2020-03-02,,,35765093,
479,1,,Jeffrey Archer,,Ai grija ce-ti doresti ,,4.12,,,,448,,2020-03-02,,,25463443,
480,1,,Mikkel Birkegaard,,Condamnat la moarte,,2.79,,,9789734625406,352,,2020-03-02,,,18157957,
481,1,,Mikkel Birkegaard,,Biblioteca umbrelor,,3.39,,,9789734619863,504,,2020-03-02,,,13425169,
482,1,,Jeffery Deaver,,Gradina fiarelor,,3.89,,,9786066093132,537,,2020-03-02,,,18730166,
483,1,,Jeffery Deaver,,A douasprezecea carte ,,3.99,,,9786066090391,474,,2020-03-02,,,18730187,
484,1,,Jeffery Deaver,,Dansand cu moartea ,,4.16,,,9786068255927,480,,2020-03-02,,,18730178,
485,1,,Jeffery Deaver,,Fereastra sparta ,,4.09,,,9786066092975,544,,2020-03-02,,,18730177,
486,1,,Jeffery Deaver,,Luna rece ,,4.06,,,9789731032177,448,,2020-03-02,,,27865290,
487,1,,Jeffery Deaver,,Colectionarul de oase ,,4.2,,,9789734602254,560,,2020-03-02,,,22041596,
488,1,,Jeffery Deaver,,Scaunul gol,,4.07,,,9789731036304,512,,2020-03-02,,,17882082,
489,1,,Jeffery Deaver,,Maimuta de piatra ,,3.97,,,9789735400408,480,,2020-03-02,,,18274982,
490,1,,Patricia Cornwell,,Cartea morților,,3.69,,,9789731432939,576,,2020-03-02,,,16097399,
491,1,,Patricia Cornwell,,Ratiuni criminale,,3.72,,,9789735699222,448,,2020-03-02,,,17883469,
492,1,,Brandon Sanderson,,Eroul evurilor ,,4.53,,,9786067194760,824,,2020-03-02,,,28287133,
493,1,,Brandon Sanderson,,Fântâna Înălţării ,,4.38,,,9786067194012,862,,2020-03-02,,,26067839,
494,1,,Brandon Sanderson,,Ultimul imperiu ,,4.48,,,9789737078230,816,,2020-03-02,,,22369449,
495,1,,Paula Hawkins,,În ape adânci,,3.59,,,9786064001146,432,,2020-03-02,,,35288371,
496,1,,Marc Levy,,Ea și El,,3.71,,,,320,,2020-03-02,,,34213330,
497,1,,Brandon Sanderson,,Aliați în Slujba Dreptății ,,4.21,,,9786064003041,376,,2020-03-02,,,36668104,
498,1,,John Fowles,,Magicianul,,4.05,,,9789734636808,751,,2020-03-02,,,18747026,
499,1,,Rodica Ojog-Braşoveanu,,Întâlnire la Elysée ,,3.84,,,9786067583113,0,,2020-03-02,,,38235474,
500,1,,Joël Dicker,,Adevărul despre cazul Harry Quebert,,4.18,,,9789737077530,656,,2020-03-02,,,17932824,
501,1,,Agatha Christie,,Misterioasa afacere de la Styles ,,4.0,,,9786066091046,216,,2020-03-02,,,17285007,
502,1,,Rodica Ojog-Braşoveanu,,Al cincilea as,,4.19,,,9789731432533,342,,2020-03-02,,,7827793,
503,1,,Rodica Ojog-Braşoveanu,,Poveste imorală,,4.22,,,9789731432540,480,,2020-03-02,,,8061387,
504,1,,Éric-Emmanuel Schmitt,,Omul care vedea dincolo de chipuri,,3.77,,,9786067793796,304,,2020-03-02,,,40204863,
505,1,,Brandon Sanderson,,Umbra sinelui ,,4.28,,,9786064005946,432,,2020-03-02,,,44022577,
506,1,,Stephen King,,Carrie,,3.98,,,9781416524304,272,,2020-03-02,,,10592,
507,1,,Rodica Ojog-Braşoveanu,,Cianură pentru un surâs ,,4.35,,,,222,,2020-03-02,,,6424944,
508,1,,Rodica Ojog-Braşoveanu,,320 de pisici negre ,,4.35,,,,288,,2020-03-02,,,6068880,
509,1,,Rodica Ojog-Braşoveanu,,O bombă pentru Revelion,,4.18,,,,246,,2020-03-02,,,17297253,
510,1,,Neil Gaiman,,Oceanul de la capătul aleii,,4.02,,,9789731249001,195,,2020-03-02,,,18080596,
511,1,,N.K. Jemisin,,Al cincilea anotimp ,,4.31,,,9786068673660,462,,2020-03-02,,,37595718,
512,1,,N.K. Jemisin,,Poarta Obeliscului ,,4.31,,,9786068673967,408,,2020-03-02,,,43247230,
513,1,,Martin McDonagh,,"Three Billboards Outside Ebbing, Missouri",,4.04,,,9780571345304,96,,2020-03-02,,,36309669,
514,1,,Andrew Gross,,Singurul om,,4.32,,,9786068965055,460,,2020-03-02,,,42951686,
515,1,,Victoria Aveyard,,Regina Roșie ,,4.0,,,9786067584660,472,,2020-03-02,,,28647586,
516,1,,Gillian Flynn,,Fata dispărută,,4.13,,,,616,,2020-03-02,,,17968365,
517,1,,Victoria Aveyard,,Sabia de sticlă ,,3.8,,,9786067589016,544,,2020-03-02,,,34642859,
518,1,,Victoria Aveyard,,Colivia regelui,,3.91,,,,608,,2020-03-02,,,38598116,
519,1,,Veronica Roth,,Divergent ,,4.14,,,9780062024039,487,,2020-03-02,,,13335037,
520,1,,Veronica Roth,,Insurgent ,,3.97,,,9780007442911,525,,2020-03-02,,,11735983,
521,1,,Veronica Roth,,Allegiant ,,3.6,,,9780007524273,531,,2020-03-02,,,18710190,
522,1,,Anthony Doerr,,Toată lumina pe care nu o putem vedea,,4.32,,,9786067790542,464,,2020-03-02,,,30138077,
523,1,,Carlos Ruiz Zafón,,Palatul de la Miazănoapte,,3.63,,,9789734622573,246,,2020-03-02,,,16000613,
524,1,,Kurt Vonnegut Jr.,,Abatorul cinci,,4.1,,,9789731249759,198,,2020-03-02,,,22535625,
525,1,,Stephenie Meyer,,Chimista,,3.76,,,,608,,2020-03-02,,,34326414,
526,1,,Marc Levy,,Prima zi,,3.81,,,9789737073310,488,,2020-03-02,,,12943247,
527,1,,John Fowles,,Colecționarul,,3.98,,,9789734626601,291,,2020-03-02,,,21408909,
528,1,,Marian Coman,,Haiganu. Fluviul Șoaptelor ,,4.22,,,9786069364048,256,,2020-03-02,,,27239917,
529,1,,Lyudmila Ulitskaya,,Scara lui Iakov,,4.25,,,9786067794274,584,,2020-03-02,,,42626923,
530,1,,Carlos Ruiz Zafón,,Umbra vântului ,,4.3,,,,488,,2020-03-02,,,22384536,
531,1,,Carlos Ruiz Zafón,,Jocul îngerului,,4.0,,,9789734613892,472,,2020-03-02,,,13448206,
532,1,,Carlos Ruiz Zafón,,Prizonierul cerului ,,4.12,,,9789734640515,248,,2020-03-02,,,24687715,
533,1,,Carlos Ruiz Zafón,,Labirintul spiritelor ,,4.53,,,9789734671472,896,,2020-03-02,,,40407687,
534,1,,S.J. Watson,,Înainte să adorm,,3.9,,,9789737075147,440,,2020-03-02,,,13052352,
535,1,,Robert Galbraith,,Carieră malefică ,,4.22,,,9786067197334,644,,2020-03-02,,,30526043,
536,1,,Robert Galbraith,,Chemarea cucului ,,3.89,,,9789737078803,616,,2020-03-02,,,18775828,
537,1,,Robert Galbraith,,Viermele de mătase ,,4.05,,,9786067191806,640,,2020-03-02,,,24230610,
538,1,,Robert Galbraith,,Alb letal,,4.24,,,9786064006424,832,,2020-03-02,,,45213705,
539,1,,Philip Roth,,Pastorala americană,,3.94,,,9789734614677,584,,2020-03-02,,,17264707,
540,1,,Stephen King,,The Shining ,,4.27,,,9780450040184,497,,2020-03-02,,,11588,
541,1,,Stephen King,,Doctor Sleep ,,4.13,,,9781476727653,531,,2020-03-02,,,16130549,
542,1,,Stephen King,,Străinul,,4.01,,,,704,,2020-03-02,,,48664979,
543,1,,Stephen King,,Frumoasele adormite,,3.73,,,,840,,2020-03-02,,,43660507,
544,1,,Stephen King,,It,,4.24,,,9780450411434,1168,,2020-03-02,,,830502,
545,1,,Dan       Brown,,Conspiraţia,,3.75,,,9786068255262,512,,2020-03-02,,,12888470,
546,1,,Dan       Brown,,Fortăreaţa digitală,,3.69,,,9789735400637,448,,2020-03-02,,,13364555,
547,1,,Dan       Brown,,Origini,,3.89,,,9786068905495,530,,2020-03-02,,,36685553,
548,1,,Dan       Brown,,Inferno ,,3.88,,,9780385538176,463,,2020-03-02,,,17212231,
549,1,,Dan       Brown,,Simbolul pierdut,,3.75,,,9789735401399,477,,2020-03-02,,,8475007,
550,1,,Éric-Emmanuel Schmitt,,Noaptea de foc,,3.85,,,9786067791037,200,,2020-03-02,,,33913847,
551,1,,Agatha Christie,,Zece Negrii Mititei,,4.28,,,,224,,2020-03-02,,,15706399,
552,1,,Agatha Christie,,Crima din Orient Express ,,4.2,,,9789731035628,250,,2020-03-02,,,11965037,
553,1,,Paula Hawkins,,Fata din tren,,3.96,,,,408,,2020-03-02,,,25559177,
554,1,,John Grisham,,Informatorul,,3.96,,,9786060060222,384,,2020-03-02,,,40535200,
555,1,,Neil Gaiman,,Zei americani,,4.11,,,,640,,2020-03-02,,,7140960,
556,1,,Stephen King,,Talismanul,,4.12,,,9786068073514,736,,2020-03-02,,,11375746,
557,1,,Andrew Gross,,Vălul întunecat ,,3.73,,,9789734706709,496,,2020-03-02,,,45280890,
558,1,,Stephen King,,Casa întunericului,,4.03,,,9789731430812,752,,2020-03-02,,,17665756,
559,1,,Stephen King,,Cimitirul animalelor,,4.06,,,9789735697617,432,,2020-03-02,,,13602955,
560,1,,Dean Koontz,,Fara indurare,,3.77,,,9786066004008,413,,2020-03-02,,,19141770,
561,1,,Håkan Nesser,,Întoarcerea,,3.7,,,9789737075369,240,,2020-03-02,,,15829663,
562,1,,Yrsa Sigurdardottir,,Zile întunecate,,3.69,,,9789737075383,378,,2020-03-02,,,12915750,
563,1,,Anders Roslund,,Răzbunarea lui Finnigan,,3.75,,,9789737075161,357,,2020-03-02,,,13580719,
564,1,,Camilla Läckberg,,Piază rea ,,3.81,,,9789737075260,360,,2020-03-02,,,15922791,
565,1,,Liza Marklund,,Prime-Time ,,3.38,,,9789737075451,374,,2020-03-02,,,16163226,
566,1,,Kjell Ola Dahl,,Al patrulea...,,3.61,,,9789737074607,292,,2020-03-02,,,11166270,
567,1,,Liza Marklund,,Explozii în Stockholm,,3.45,,,9789737074454,384,,2020-03-02,,,17857343,
568,1,,Håkan Nesser,,Cu ochii mintii ,,3.59,,,9789737074614,256,,2020-03-02,,,11092261,
569,1,,Stieg Larsson,,Fata care s-a jucat cu focul ,,4.25,,,9789737072634,757,,2020-03-02,,,6692908,
570,1,,Stieg Larsson,,Castelul din nori s-a sfărâmat ,,4.24,,,9789737073044,853,,2020-03-02,,,8474926,
571,1,,Stieg Larsson,,Bărbați care urăsc femeile,,4.17,,,9789737074089,688,,2020-03-02,,,9433355,
572,1,,Mons Kallentoft,,Sacrificiul din miezul iernii,,3.5,,,9789737074522,416,,2020-03-02,,,17875764,
573,1,,Johan Theorin,,Ecouri de dincolo de moarte,,3.8,,,9789737074560,391,,2020-03-02,,,13107987,
574,1,,Camilla Läckberg,,Prinţesa gheţurilor,,3.76,,,9789737074430,352,,2020-03-02,,,15776311,
575,1,,Alex Berenson,,Agentul Credincios ,,4.02,,,9789735016944,440,,2020-03-02,,,17882161,
576,1,1,Craig Russell,,Roșu pentru totdeauna ,,3.87,,"<p><span style=""color:hsl(0, 0%, 0%);"">Victimele, două personalității renumite - un fost membru al mișcării politice de extremă stângă, care ulterior a devenit un susținător înfocat al ecologismului, și un specialist în genetică, preocupat de teoria transmiterii amintirilor pe cale ereditară -, sunt găsite ucise, la 24 de ore distanță una de cealaltă. Amândoi bărbații fuseseră scalpați. Testele de laborator relevă faptul că cele două fire de păr roșcat descoperite la ambele locuri ale crimei nu aparțin victimelor, ci provin de la una și aceeași persoană, fiind tăiate cu douăzeci de ani în urmă. Jan Fabel și echipa sa de investigatori sunt supuși unei presiuni extraordinare, exercitate de lumea politică și de mass-media, pentru a-l prinde pe ucigașul poreclit de presă „Frizerul din Hamburg“. Fabel se trezește prins în urzeala intrigilor, obsesiilor și actelor de răzbunare ce par să-și aibă obârșia în negura trecutului, cu șaisprezece secole în urmă. El trebuie să descopere care este legătura între o mumie antică, un grup terorist de mult desființat, al cărui lider infam e un ucigaș care trăiește cu convingerea că reîncarnarea sa are drept scop pedepsirea, printr-un act teribil de răzbunare, a celor care l-au trădat în viata anterioară.</span></p>",9786066092814,407,,2020-03-02,,https://www.goodreads.com/book/show/30988591-ro-u-pentru-totdeauna,30988591,https://images-na.ssl-images-amazon.com/images/S/compressed.photo.goodreads.com/books/1468250312i/30988591.jpg
577,1,1,Steve Berry,,Răzbunare la Paris ,,3.94,,"<p><span style=""color:hsl(0, 0%, 0%);"">﻿Cu doar câteva zile înaintea Crăciunului, fostul agent secret Cotton Malone se vede nevoit să-și întrerupă traiul în anticariatul său liniștit, pentru a sări în ajutorul bunului său prieten, miliardarul Henrik Thorvaldsen. Bătrânul danez este hotărât să-și răzbune fiul ucis într-un schimb de focuri în capitala Mexicului, dar ambiţia lui nu numai că îi pune viața în pericol, ci ajunge să scoată la iveală o adevărată conspirație internațională. O aventură amețitoare, cu numeroase răsturnări de situație, îl poartă pe Cotton Malone între Copenhaga, Londra și Paris, punându-i la încercare intuiția, priceperea, dar și loialitatea. Aflat într-o permanentă luptă cu timpul, americanul va face tot posibilul să împiedice o serie de atacuri teroriste ce au ca țintă mai multe monumente din capitala franceză, încercând totodată să nu-și dezamăgească cel mai bun prieten.„Găsim aici toate trăsăturile distinctive ale lui Berry: anvergură, gradație, răsturnări de situație, istorie – și suspans de la un capăt la altul. Îmi place la nebunie tipul ăsta.“ Lee Child</span></p>",9786066009027,464,,2020-03-02,,https://www.goodreads.com/book/show/17857560-r-zbunare-la-paris,17857560,https://images-na.ssl-images-amazon.com/images/S/compressed.photo.goodreads.com/books/1367159336i/17857560.jpg
578,,1,"Alex Michaelides ,  Dana-Ligia Ilin  (Translator)",,Furia,16,3.45,,,9786303195131,336,3,2024-03-18,,https://www.goodreads.com/book/show/205997048-furia,205997048,https://images-na.ssl-images-amazon.com/images/S/compressed.photo.goodreads.com/books/1706270297i/205997048.jpg
582,1,2,Kate Alice Marshall,,No One Can Know,16,3.74,,,9781250859914,325,3,2024-03-18,,https://www.goodreads.com/book/show/127305892-no-one-can-know,127305892,
