movie_type,title,original_title,movie_genre,rating,launch_date,description,movie_link,movie_image_link,movie_status
2,The Gentlemen,The Gentlemen,1,7.8,,,https://www.imdb.com/title/tt8367814/,,2
1,House of Ninjas,Shinobi no Ie: House of Ninjas,1,7.2,,,https://www.imdb.com/title/tt22012992/,,2
1,Shōgun,Shôgun,2,9.2,,,https://www.imdb.com/title/tt2788316/,,2
2,Trauma,Trauma,13,4.8,,,https://www.imdb.com/title/tt6705640/,,1
2,Zeitgeist,Zeitgeist,7,8.1,,,https://www.imdb.com/title/tt1166827/,,2
2,Shattered,Shattered,21,5.0,,,https://www.imdb.com/title/tt14923008/,,1
2,El cadáver de Anna Fritz,El cadáver de Anna Fritz,13,5.9,,,https://www.imdb.com/title/tt4441280/,,1
2,V/H/S,V/H/S,13,5.8,,,https://www.imdb.com/title/tt2105044/?ref_=fn_al_tt_1,,1
2,V/H/S/85,V/H/S/85,13,5.6,,,https://www.imdb.com/title/tt22640398/?ref_=fn_al_tt_2,,2
2,V/H/S/2,V/H/S/2,13,6.0,,,https://www.imdb.com/title/tt2450186/?ref_=fn_al_tt_3,,1
2,V/H/S/94,V/H/S/94,13,5.5,,,https://www.imdb.com/title/tt14867006/?ref_=fn_al_tt_4,,1
2,V/H/S/99,V/H/S/99,13,5.1,,,https://www.imdb.com/title/tt21651560/?ref_=fn_al_tt_5,,1
2,Deadgirl,Deadgirl,13,5.5,,,https://www.imdb.com/title/tt0896534/?ref_=nv_sr_srsg_0_tt_8_nm_0_q_DEADGIRL,,1
2,Compliance,Supunere,6,6.4,,,https://www.imdb.com/title/tt1971352/,,1
2,The Girl Next Door,The Girl Next Door,6,6.5,,,https://www.imdb.com/title/tt0830558/,,1
2,You're Next,You're Next,21,6.6,2011-08-23,"<p><span style=""color:hsl(0, 0%, 0%);"">In an attempt to mend their broken family ties, Aubrey and Paul Davison decide to celebrate their wedding anniversary by inviting family members to their weekend estate. The celebration gets off to a rocky start when mysterious assailants wearing animal masks suddenly attack the house.</span></p>",https://www.imdb.com/title/tt1853739/,,1
2,Experimentul Belko,The Belko Experiment,13,6.2,2017-03-17,"<p><span style=""color:hsl(0,0%,0%);"">Mike Milch, an employee of Belko Industries, while driving to work is stopped by street vendors selling ""lucky"" handmade dolls. Barry Norris, also of Belko Industries, arrives at the remote office building in rural Bogotá, Colombia, to find unfamiliar security guards turning away the local Colombian staff at the gate. New employee Dany Wilkins reports for her first day on the job and is told that a tracking device is implanted in the base of every Belko employee's skull in case they are kidnapped. This is explained as being common in Colombia due to the high incidences of kidnapping.</span></p>",https://www.imdb.com/title/tt1082807/,,1
2,Men,Men,21,6.1,2022-06-01,"<p><span style=""color:hsl(0, 0%, 0%);"">Seeking refuge and solace after a horrifying loss, traumatised Harper flees London and holes up in a secluded manor in the idyllic English countryside. But healing, like change, takes time. And, haunted by painful memories and unbearable guilt, Harper thirsts for redemption. However, a brief exploration of the lush local landscapes reveals strange happenings as uncomfortable encounters thwart Harper's ambitious plans to bounce back. As a result, irremediable grief turns into a sinister undercurrent of malaise, and soon, sheer dread takes over. Now there's nowhere to hide. Can the slow, transformative process of repair in mind, body, and soul become an inescapable nightmare?</span></p>",https://www.imdb.com/title/tt13841850/,,1
2,Excizie,Excision,21,6.1,2012-11-02,"<p><span style=""color:hsl(0,0%,0%);"">18-year-old Pauline lives with her family, including younger sister Grace who has Cystic Fibrosis. Pauline has delusions of being a great surgeon, and she also has some horrific dreams that she actually finds ""stimulating,"" to say the least. Her family puts up with her delusions, and her school classmates find her annoying. As this is all happening around her, she has a plan that will leave them all shocked--and some of them may not survive.</span></p>",https://www.imdb.com/title/tt1984153/,,1
2,Ritualul,The Ritual,13,6.3,2017-10-11,"<p><span style=""background-color:rgb(250,250,250);color:rgba(0,0,0,0.87);"">A group of friends reunite after a long time to plan a vacation. They finally decide to go on a hiking trip in Sweden, Northern Europe. When one of them is injured, they have no choice but to cut through the forest in order to arrive at the lodge a couple of hours sooner. During a raging rainstorm, they spent the night in a spooky, abandoned house. What awaits them are things they never expect out of this supposedly bonding trip.</span></p>",https://www.imdb.com/title/tt5638642/,,1
2,Caveat,Caveat,13,5.9,2020-06-05,"<p><span style=""color:hsl(0, 0%, 0%);"">A lone drifter suffering from partial memory loss accepts a job to look after a psychologically troubled woman in an abandoned house on an isolated island.</span></p>",https://www.imdb.com/title/tt7917178/,,1
2,Toți cei care mă vor mort,Those Who Wish Me Dead,1,6.0,2021-05-05,"<p><span style=""color:hsl(0, 0%, 0%);"">A teenage murder witness finds himself pursued by twin assassins in the Montana wilderness with a survival expert tasked with protecting him -- and a forest fire threatening to consume them all.</span></p>",https://www.imdb.com/title/tt3215824/,,2
1,Mare of Easttown,Mare of Easttown,6,8.4,2021-04-18,"<p><span style=""color:hsl(0, 0%, 0%);"">A detective in a small Pennsylvania town investigates a local murder while trying to keep her life from falling apart.</span></p>",https://www.imdb.com/title/tt10155688/,,2
2,Crima din Wind River,Wind River,6,7.7,2017-01-21,"<p><span style=""color:hsl(0, 0%, 0%);"">A wildlife officer, who is haunted by a tragedy that happened because of him, teams up with an FBI agent in solving a murder of a young woman on a Wyoming Native American reservation and hopes to get redemption from his past regrets.</span></p>",https://www.imdb.com/title/tt5362988/,,2
2,Percy Jackson: Marea monştrilor,Percy Jackson: Sea of Monsters,2,5.7,2013-08-07,"<p><span style=""color:hsl(0, 0%, 0%);"">In order to restore their dying safe haven, the son of Poseidon and his friends embark on a quest to the Sea of Monsters, to find the mythical Golden Fleece, all the while trying to stop an ancient evil from rising.</span></p>",https://www.imdb.com/title/tt1854564/,,2
2,Mama,Mama,21,6.2,2013-01-08,"<p><span style=""color:hsl(0, 0%, 0%);"">After a young couple take in their two nieces, they suspect that a supernatural spirit named Mama has latched onto their family.</span></p>",https://www.imdb.com/title/tt2023587/,,2
1,American Primeval,American Primeval,1,0.0,,"<p><span style=""color:hsl(0, 0%, 0%);"">It follows the gritty and adventurous exploration of the birth of the American West, the violent collisions of cults, religion, and men and women fighting for control of the new world.</span></p>",https://www.imdb.com/title/tt24069848/,,2
2,The Endless,The Endless,8,6.5,2017-04-21,"<p><span style=""color:hsl(0, 0%, 0%);"">As kids, they escaped a UFO death cult. Now, two adult brothers seek answers after an old videotape surfaces and brings them back to where they began.</span></p>",https://www.imdb.com/title/tt3986820/,,2
2,Annabelle Comes Home,Annabelle Comes Home,13,5.9,2019-06-17,"<p><span style=""color:hsl(0, 0%, 0%);"">While babysitting the daughter of Ed and Lorraine Warren, a teenager and her friend unknowingly awaken an evil spirit trapped in a doll.</span></p>",https://www.imdb.com/title/tt8350360/,,1
2,The Real Blair Witch,The Real Blair Witch,13,6.8,2003-04-15,"<p><span style=""color:hsl(0, 0%, 0%);"">A group of teenagers from Flint, Michigan filmed themselves kidnapping and terrorizing a new acquaintance, before taking her out to a woods and dumping her in a shallow grave. They then taunted their terrified and blindfolded victim asking if she had any last requests before they cut her throat. But was the kidnap real or just a game? Three days later the tape was in the hands of the police and the 5 teenager friends were in custody facing life imprisonment. This program talks to the people at the heart of this story - including two of the defendants - in an attempt to understand what really happened in the woods around Flint last year. It also screens the video of the 'abduction'. What is revealed is an extraordinary and disturbing record of a night when something went terribly, terribly wrong.</span></p>",https://www.imdb.com/title/tt0472599/,,1
3,The Blair Witch Mountain Project,The Blair Witch Mountain Project,19,5.9,2002-01-13,"<p><span style=""color:hsl(0, 0%, 0%);"">An intrepid journalist tries to track down Tia and Tony, the beloved alien stars of Disney's 1975 film ""Escape to Witch Mountain"" and its 1978 sequel ""Return from Witch Mountain"".</span></p>",https://www.imdb.com/title/tt0381920/,,2
2,Blair Witch,Blair Witch,13,5.0,2016-07-22,"<p><span style=""color:hsl(0, 0%, 0%);"">After discovering a video showing what he believes to be his vanished sister Heather, James and a group of friends head to the forest believed to be inhabited by the Blair Witch.</span></p>",https://www.imdb.com/title/tt1540011/,,1
2,Shadow of the Blair Witch,Shadow of the Blair Witch,13,5.3,2000-10-22,"<p><span style=""color:hsl(0, 0%, 0%);"">In this true crime documentary, we delve into the murder spree that was the inspiration for Joe Berlinger's Book of Shadows: Blair Witch 2 (2000).</span></p>",https://www.imdb.com/title/tt0265736/,,1
2,The Blair Witch Legacy,The Blair Witch Legacy,13,4.7,2018-03-01,"<p><span style=""color:hsl(0, 0%, 0%);"">In 1999 a single movie changed the course of the horror genre forever. The Blair Witch Project was a brilliant hoax -or was it? A documentary film team heads to Burkittsville, Maryland to find out the truth behind the Blair Witch Project.</span></p>",https://www.imdb.com/title/tt7740342/,,1
2,Pe urmele tale,It Follows,13,6.8,2014-05-17,"<p><span style=""color:hsl(0, 0%, 0%);"">A young woman is followed by an unknown supernatural force after a sexual encounter.</span></p>",https://www.imdb.com/title/tt3235888/,,1
2,Paranormal Activity: Next of Kin,Paranormal Activity: Next of Kin,13,5.3,2021-10-29,"<p><span style=""color:hsl(0, 0%, 0%);"">Margot, a young woman who was abandoned by her mother as a baby, travels to a secluded Amish community with a documentary film crew seeking answers about her mother and extended family.</span></p>",https://www.imdb.com/title/tt10515988/,,1
2,Activitate paranormala: Cei insemnati,Paranormal Activity: The Marked Ones,13,5.0,2014-01-01,"<p><span style=""color:hsl(0, 0%, 0%);"">When a young man becomes the target of a malevolent entity, he must uncover its true intentions before it takes complete control of him.</span></p>",https://www.imdb.com/title/tt2473682/,,1
2,Orfana,Orphan,13,7.0,2009-07-21,"<p><span style=""color:hsl(0, 0%, 0%);"">A husband and wife who recently lost their baby adopt a 9-year-old girl who is not nearly as innocent as she appears.</span></p>",https://www.imdb.com/title/tt1148204/,,1
2,Noi,Us,13,6.8,2019-03-08,"<p><span style=""color:hsl(0, 0%, 0%);"">Adelaide Wilson and her family are attacked by mysterious figures dressed in red. Upon closer inspection, the Wilsons realize that the intruders are exact lookalikes of them.</span></p>",https://www.imdb.com/title/tt6857112/,,1
2,Fugi!,Get Out,13,7.8,2017-01-23,"<p><span style=""color:hsl(0, 0%, 0%);"">A young African-American visits his white girlfriend's parents for the weekend, where his simmering uneasiness about their reception of him eventually reaches a boiling point.</span></p>",https://www.imdb.com/title/tt5052448/,,1
2,Vrăjitoarea,The VVitch: A New-England Folktale,21,7.0,2015-01-23,"<p><span style=""color:hsl(0, 0%, 0%);"">A family in 1630s New England is torn apart by the forces of witchcraft, black magic and possession.</span></p>",https://www.imdb.com/title/tt4263482/,,2
2,Domnul Glass,Glass,8,6.6,2019-01-07,"<p><span style=""color:hsl(0, 0%, 0%);"">Security guard David Dunn uses his supernatural abilities to track Kevin Wendell Crumb, a disturbed man who has twenty-four personalities.</span></p>",https://www.imdb.com/title/tt6823368/,,2
2,Hush,Hush,13,6.6,2016-03-12,"<p><span style=""color:hsl(0, 0%, 0%);"">A deaf and mute writer who retreated into the woods to live a solitary life must fight for her life in silence when a masked killer appears at her window.</span></p>",https://www.imdb.com/title/tt5022702/,,1
1,It,It,8,6.8,1990-11-18,"<p><span style=""color:hsl(0, 0%, 0%);"">In 1960, seven pre-teen outcasts fight an evil demon who poses as a child-killing clown. Thirty years later, they reunite to stop the demon once and for all when it returns to their hometown.</span></p>",https://www.imdb.com/title/tt0099864/,,2
2,Spring,Spring,13,6.7,2014-09-05,"<p><span style=""color:hsl(0, 0%, 0%);"">A young man in a personal tailspin flees from US to Italy, where he sparks up a romance with a woman harboring a dark, primordial secret.</span></p>",https://www.imdb.com/title/tt3395184/,,1
2,Outlaw King,Outlaw King,4,6.9,2018-09-06,"<p><span style=""color:hsl(0, 0%, 0%);"">A true David vs. Goliath story of how the 14th century Scottish 'Outlaw King' Robert the Bruce used cunning and bravery to defeat the much larger and better equipped occupying English army.</span></p>",https://www.imdb.com/title/tt6679794/,,2
2,Maniac,Maniac,6,6.4,1980-05-10,"<p><span style=""color:hsl(0, 0%, 0%);"">A psychopathic man goes on a killing and mutilation spree in New York City.</span></p>",https://www.imdb.com/title/tt0081114/,,2
2,Cabana din pădure,The Cabin in the Woods,13,7.0,2011-12-11,"<p><span style=""color:hsl(0, 0%, 0%);"">Five college friends head out to a remote cabin for a getaway, but things don't go as planned when they start getting killed. They soon discover that there is more to the cabin than it seems.</span></p>",https://www.imdb.com/title/tt1259521/,,1
2,The Kitchen,The Kitchen,18,4.8,2023-10-15,"<p><span style=""color:hsl(0, 0%, 0%);"">In a dystopian future London where all social housing has been eliminated, Izi and Benji fight to navigate the world as residents of The Kitchen, a community that refuses to abandon their home.</span></p>",https://www.imdb.com/title/tt4460800/,,2
2,Bastarden,Bastarden,4,7.7,2023-09-01,"<p><span style=""color:hsl(0, 0%, 0%);"">The story of Ludvig Kahlen who pursued his lifelong dream: To make the heath bring him wealth and honor.</span></p>",https://www.imdb.com/title/tt20561198/,,2
2,57 Seconds,57 Seconds,18,5.4,2023-09-29,"<p><span style=""color:hsl(0, 0%, 0%);"">When a tech blogger lands an interview with a tech guru and stops an attack on him, he finds a mysterious ring that takes him back 57 seconds into the past.</span></p>",https://www.imdb.com/title/tt18083578/,,2
2,The Survivalist,The Survivalist,18,6.4,2015-04-18,"<p><span style=""color:hsl(0, 0%, 0%);"">In a time of starvation, a survivalist lives off a small plot of land hidden deep in forest. When two women seeking food and shelter discover his farm, he finds his existence threatened.</span></p>",https://www.imdb.com/title/tt2580382/,,2
2,Extinction,Extinction,18,5.8,2015-07-18,"<p><span style=""color:hsl(0, 0%, 0%);"">And suddenly, overnight, the world came to a halt. Two men, two survivors, one kid, and hatred that separates them. A place forgotten by everyone, including the creatures that inhabit the Earth... until now.</span></p>",https://www.imdb.com/title/tt3467412/,,2
1,Into the Night,Into the Night,18,7.0,2020-05-01,"<p><span style=""color:hsl(0, 0%, 0%);"">When radiation from the sun causes a global disaster on Earth, survivors on an overnight flight from Brussels race from city to city trying to stay ahead of the sun's rays by remaining in the cover of night.</span></p>",https://www.imdb.com/title/tt10919486/,,2
1,Z Nation,Z Nation,1,6.7,2014-09-12,"<p><span style=""color:hsl(0, 0%, 0%);"">Three years after the zombie virus has gutted the United States of America a team of everyday heroes must transport the only known survivor of the plague from New York to California, where the last functioning viral lab waits for his blood.</span></p>",https://www.imdb.com/title/tt3843168/,,2
2,Exodus: Zei si regi,Exodus: Gods and Kings,1,6.0,2014-12-03,"<p><span style=""color:hsl(0, 0%, 0%);"">The defiant leader Moses rises up against Egyptian Pharaoh Ramses II, setting six hundred thousand slaves on a monumental journey of escape from Egypt and its terrifying cycle of deadly plagues.</span></p>",https://www.imdb.com/title/tt1528100/,,2
1,The 100,The 100,18,7.6,2014-03-19,"<p><span style=""color:hsl(0, 0%, 0%);"">Set 97 years after a nuclear war destroyed civilization, when a spaceship housing humanity's lone survivors sends 100 juvenile delinquents back to Earth, hoping to repopulate the planet.</span></p>",https://www.imdb.com/title/tt2661044/,,2
2,Povestea X a Americii,American History X,6,8.5,1998-07-01,"<p><span style=""color:hsl(0, 0%, 0%);"">Living a life marked by violence, neo-Nazi Derek finally goes to prison after killing two black youths. Upon his release, Derek vows to change; he hopes to prevent his brother, Danny, who idolizes Derek, from following in his footsteps.</span></p>",https://www.imdb.com/title/tt0120586/,,2
1,Dark,Dark,6,8.7,2017-09-09,"<p><span style=""color:hsl(0, 0%, 0%);"">A family saga with a supernatural twist, set in a German town where the disappearance of two young children exposes the relationships among four families.</span></p>",https://www.imdb.com/title/tt5753856/,,2
2,Labirintul: Tratament letal,Maze Runner: The Death Cure,18,6.2,2018-01-17,"<p><span style=""color:hsl(0, 0%, 0%);"">Young hero Thomas embarks on a mission to find a cure for a deadly disease known as ""The Flare"".</span></p>",https://www.imdb.com/title/tt4500922/,,2
2,Labirintul: Încercările focului,Maze Runner: The Scorch Trials,18,6.3,2015-09-01,"<p><span style=""color:hsl(0, 0%, 0%);"">After having escaped the Maze, the Gladers now face a new set of challenges on the open roads of a desolate landscape filled with unimaginable obstacles.</span></p>",https://www.imdb.com/title/tt4046784/,,2
2,Labirintul: Evadarea,The Maze Runner,1,6.8,2014-09-11,"<p><span style=""color:hsl(0, 0%, 0%);"">Thomas is deposited in a community of boys after his memory is erased, soon learning they're all trapped in a maze that will require him to join forces with fellow ""runners"" for a shot at escape.</span></p>",https://www.imdb.com/title/tt1790864/,,2
1,The Last Kingdom,The Last Kingdom,1,8.5,2015-10-10,"<p><span style=""color:hsl(0, 0%, 0%);"">As Alfred the Great defends his kingdom from Norse invaders, Uhtred--born a Saxon but raised by Vikings--seeks to claim his ancestral birthright.</span></p>",https://www.imdb.com/title/tt4179452/,,2
2,Nunta pe bani,Nunta pe bani,5,7.1,2023-10-10,"<p><span style=""color:hsl(0, 0%, 0%);"">Mircea hates weddings. Everyone finds out when, after attending yet another wedding out of obligation, he makes a controversial Facebook post that goes viral.</span></p>",https://www.imdb.com/title/tt29475628/,,2
2,Take Shelter,Take Shelter,8,7.3,2011-01-24,"<p><span style=""color:hsl(0, 0%, 0%);"">Plagued by a series of apocalyptic visions, a young husband and father questions whether to shelter his family from a coming storm, or from himself</span></p>",https://www.imdb.com/title/tt1675192/,,2
2,Vremuri întunecate,The Darkest Hour,1,4.9,2011-12-22,"<p><span style=""color:hsl(0, 0%, 0%);"">In Moscow, five young people lead the charge against an alien race who have attacked Earth via our power supply.</span></p>",https://www.imdb.com/title/tt1093357/,,2
2,Vanatoarea de vampiri,Stake Land,13,6.4,2010-09-17,"<p><span style=""color:hsl(0, 0%, 0%);"">In a world of vampires, an expert vampire hunter and his young protégé travel toward sanctuary.</span></p>",https://www.imdb.com/title/tt1464580/,,1
2,Haeundae,Haeundae,1,5.5,2009-07-22,"<p><span style=""color:hsl(0, 0%, 0%);"">A woman named Yeon-hee (Ha Ji-won) lives in Busan with her boyfriend Man-sik (Sol Kyung-gu) near Haeundae Beach. But, when they find out a tsunami will hit the city, They realize they only have 10 minutes to escape!</span></p>",https://www.imdb.com/title/tt1153040/,,2
2,The Rover,The Rover,18,6.4,2014-05-18,"<p><span style=""color:hsl(0, 0%, 0%);"">10 years after a global economic collapse, a hardened loner pursues the men who stole his only possession, his car. Along the way, he captures one of the thieves' brother, and the duo form an uneasy bond during the dangerous journey.</span></p>",https://www.imdb.com/title/tt2345737/,,2
2,The Day,The Day,18,5.2,2011-09-16,"<p><span style=""color:hsl(0, 0%, 0%);"">A group of five people working to stay alive in a post-apocalyptic future discover what they think is a safe, abandoned farmhouse, but they soon find themselves fighting to stay alive as a gang of bloodthirsty predators attack.</span></p>",https://www.imdb.com/title/tt1756799/,,2
2,The Colony,The Colony,1,5.3,2013-04-26,"<p><span style=""color:hsl(0, 0%, 0%);"">Forced underground by the next ice age, a struggling outpost of survivors must fight to preserve humanity against a threat even more savage than nature.</span></p>",https://www.imdb.com/title/tt1160996/,,2
2,Alb orbitor,Blindness,16,6.5,2008-05-14,"<p><span style=""color:hsl(0, 0%, 0%);"">A city is ravaged by an epidemic of instant white blindness.</span></p>",https://www.imdb.com/title/tt0861689/,,2
2,Planeta Maimutelor: Revolutie,Dawn of the Planet of the Apes,1,7.6,2014-06-26,"<p><span style=""color:hsl(0, 0%, 0%);"">The fragile peace between apes and humans is threatened as mistrust and betrayal threaten to plunge both tribes into a war for dominance over the Earth.</span></p>",https://www.imdb.com/title/tt2103281/,,2
2,Poștașul,The Postman,1,6.1,1997-12-12,"<p><span style=""color:hsl(0, 0%, 0%);"">A nameless drifter dons a postman's uniform and bag of mail as he begins a quest to inspire hope to the survivors living in post-apocalyptic America.</span></p>",https://www.imdb.com/title/tt0119925/,,2
2,Lumea acvatică,Waterworld,18,6.3,1995-07-28,"<p><span style=""color:hsl(0, 0%, 0%);"">In a future where the polar ice-caps have melted and Earth is almost entirely submerged, a mutated mariner fights starvation and outlaw ""smokers,"" and reluctantly helps a woman and a young girl try to find dry land.</span></p>",https://www.imdb.com/title/tt0114898/,,2
2,Tărâmul morţii,Land of the Dead,13,6.2,2005-06-18,"<p><span style=""color:hsl(0, 0%, 0%);"">The living dead have taken over the world, and the last humans live in a walled city to protect themselves as they come to grips with the situation.</span></p>",https://www.imdb.com/title/tt0418819/,,1
2,Sfârșitul lumii,Doomsday,18,5.9,2008-03-14,"<p><span style=""color:hsl(0, 0%, 0%);"">A futuristic action thriller where a team of people work to prevent a disaster threatening the future of the human race.</span></p>",https://www.imdb.com/title/tt0483607/,,2
2,Ultimele zile ale lui Hitler,Der Untergang,4,8.2,2004-09-08,"<p><span style=""color:hsl(0, 0%, 0%);"">Traudl Junge, the final secretary for Adolf Hitler, tells of the Nazi dictator's final days in his Berlin bunker at the end of WWII.</span></p>",https://www.imdb.com/title/tt0363163/,,2
1,Fallout,Fallout,1,0.0,2024-04-12,"<p><span style=""color:hsl(0,0%,0%);"">In a future, post-apocalyptic Los Angeles brought about by nuclear decimation, citizens must live in underground bunkers to protect themselves from radiation, mutants and bandits.</span></p>",https://www.imdb.com/title/tt12637874/,,3
1,Gambitul damei,The Queen's Gambit,8,8.5,2020-10-23,"<p><span style=""color:hsl(0, 0%, 0%);"">Orphaned at the tender age of nine, prodigious introvert Beth Harmon discovers and masters the game of chess in 1960s USA. But child stardom comes at a price.</span></p>",https://www.imdb.com/title/tt10048342/,,2
1,Peaky Blinders,Peaky Blinders,6,8.8,2013-09-12,"<p><span style=""color:hsl(0, 0%, 0%);"">A gangster family epic set in 1900s England, centering on a gang who sew razor blades in the peaks of their caps, and their fierce boss Tommy Shelby.</span></p>",https://www.imdb.com/title/tt2442560/,,2
1,Monarch: Legacy of Monsters,Monarch: Legacy of Monsters,1,7.0,2023-11-17,"<p><span style=""color:hsl(0, 0%, 0%);"">Set after the battle between Godzilla and the Titans, revealing that monsters are real, follows one family's journey to uncover its buried secrets and a legacy linking them to Monarch.</span></p>",https://www.imdb.com/title/tt17220216/,,2
1,Breaking Bad,Breaking Bad,6,9.5,2008-01-20,"<p><span style=""color:hsl(0, 0%, 0%);"">A chemistry teacher diagnosed with inoperable lung cancer turns to manufacturing and selling methamphetamine with a former student in order to secure his family's future.</span></p>",https://www.imdb.com/title/tt0903747/,,2
1,Vikingii,Vikings,1,8.5,2013-03-03,"<p><span style=""color:hsl(0, 0%, 0%);"">Vikings transports us to the brutal and mysterious world of Ragnar Lothbrok, a Viking warrior and farmer who yearns to explore--and raid--the distant shores across the ocean.</span></p>",https://www.imdb.com/title/tt2306299/,,2
1,Sons of anarchy,Sons of anarchy,6,8.4,2009-08-18,"<p><span style=""color:hsl(0, 0%, 0%);"">A biker struggles to balance being a father and being involved in an outlaw motorcycle club.</span></p>",https://www.imdb.com/title/tt1124373/,,2
1,Mayor of Kingstown,Mayor of Kingstown,6,8.2,2021-11-13,"<p><span style=""color:hsl(0, 0%, 0%);"">The McLusky family are power brokers tackling themes of systemic racism, corruption and inequality in Kingstown, Michigan, where the business of incarceration is the only thriving industry.</span></p>",https://www.imdb.com/title/tt11712058/,,2
1,Destrămarea iluziilor,Fool Me Once,6,6.8,2024-01-01,"<p><span style=""color:hsl(0, 0%, 0%);"">Widowed mum Maya is disturbed by an image of her late husband captured on her toddler's nanny cam.</span></p>",https://www.imdb.com/title/tt5611024/,,2
1,1923,1923,8,8.3,2022-12-18,"<p><span style=""color:hsl(0, 0%, 0%);"">The Duttons face a new set of challenges in the early 20th century, including the rise of Western expansion, Prohibition, and the Great Depression.</span></p>",https://www.imdb.com/title/tt18335752/,,2
1,Yellowstone,Yellowstone,8,8.7,2018-06-19,"<p><span style=""color:hsl(0, 0%, 0%);"">A ranching family in Montana faces off against others encroaching on their land.</span></p>",https://www.imdb.com/title/tt4236770/,,2
1,Viespile,Yellowjackets,8,7.8,2021-11-14,"<p><span style=""color:hsl(0, 0%, 0%);"">A wildly talented girls high school soccer team become the unlucky survivors of a plane crash deep in the Canadian wilderness.</span></p>",https://www.imdb.com/title/tt11041332/,,2
1,Oglinda neagra,Black Mirror,18,8.7,2011-12-04,"<p><span style=""color:hsl(0, 0%, 0%);"">Featuring stand-alone dramas -- sharp, suspenseful, satirical tales that explore techno-paranoia -- ""Black Mirror"" is a contemporary reworking of ""The Twilight Zone"" with stories that tap into the collective unease about the modern world.</span></p>",https://www.imdb.com/title/tt2085059/,,2
1,The Walking Dead: Invazia zombi,The Walking Dead,8,8.1,2010-10-31,"<p><span style=""color:hsl(0, 0%, 0%);"">Sheriff Deputy Rick Grimes wakes up from a coma to learn the world is in ruins and must lead a group of survivors to stay alive.</span></p>",https://www.imdb.com/title/tt1520211/,,2
1,Reacher,Reacher,1,8.1,2022-02-03,"<p><span style=""color:hsl(0, 0%, 0%);"">Itinerant former military policeman Jack Reacher solves crimes and metes out his own brand of street justice. Based on the novels by Lee Child.</span></p>",https://www.imdb.com/title/tt9288030/,,2
1,Percy Jackson and the Olympians,Percy Jackson and the Olympians,2,7.2,2023-12-19,"<p><span style=""color:hsl(0, 0%, 0%);"">Demigod Percy Jackson leads a quest across America to prevent a war among the Olympian gods.</span></p>",https://www.imdb.com/title/tt12324366/,,2
2,Crimele din Osage County: Bani însângerați,Killers of the Flower Moon,6,7.7,2023-05-20,"<p><span style=""color:hsl(0, 0%, 0%);"">When oil is discovered in 1920s Oklahoma under Osage Nation land, the Osage people are murdered one by one - until the FBI steps in to unravel the mystery.</span></p>",https://www.imdb.com/title/tt5537002/,,2
2,Rebel Moon - Partea 2: Cea care lasă cicatrici,Rebel Moon - Part Two: The Scargiver,2,0.0,2024-04-12,"<p><span style=""color:hsl(0,0%,0%);"">Kora and surviving warriors prepare to defend Veldt, their new home, alongside its people against the Realm. The warriors face their pasts, revealing their motivations before the Realm's forces arrive to crush the growing rebellion.</span></p>",https://www.imdb.com/title/tt23137904/,,3
2,Lasă lumea în urmă,Leave the World Behind,16,6.5,2023-10-25,"<p><span style=""color:hsl(0, 0%, 0%);"">A family's getaway to a luxurious rental home takes an ominous turn when a cyberattack knocks out their devices, and two strangers appear at their door.</span></p>",https://www.imdb.com/title/tt12747748/,,2
2,Aquaman și Regatul pierdut,Aquaman and the Lost Kingdom,2,5.7,2023-12-20,"<p><span style=""color:hsl(0, 0%, 0%);"">Black Manta seeks revenge on Aquaman for his father's death. Wielding the Black Trident's power, he becomes a formidable foe. To defend Atlantis, Aquaman forges an alliance with his imprisoned brother. They must protect the kingdom.</span></p>",https://www.imdb.com/title/tt9663764/,,2
2,Overlord,Overlord,1,6.6,2018-09-22,"<p><span style=""color:hsl(0, 0%, 0%);"">A small group of American soldiers find horror behind enemy lines on the eve of D-Day.</span></p>",https://www.imdb.com/title/tt4530422/,,2
2,Barbatul perfect,The Perfect Guy,8,5.6,2015-09-02,"<p><span style=""color:hsl(0, 0%, 0%);"">After breaking up with her boyfriend, a professional woman gets involved with a man who seems almost too good to be true.</span></p>",https://www.imdb.com/title/tt3862750/,,2
1,Casa Dragonului,House of the Dragon,1,8.4,2022-08-21,"<p><span style=""color:hsl(0, 0%, 0%);"">An internal succession war within House Targaryen at the height of its power, 172 years before the birth of Daenerys Targaryen.</span></p>",https://www.imdb.com/title/tt11198330/,,2
1,Urzeala tronurilor,Game of Thrones,1,9.2,2011-04-16,"<p><span style=""color:hsl(0, 0%, 0%);"">Nine noble families fight for control over the lands of Westeros, while an ancient enemy returns after being dormant for a millennia.</span></p>",https://www.imdb.com/title/tt0944947/,,2
1,Rick and Morty,Rick and Morty,3,9.1,2013-12-02,"<p><span style=""color:hsl(0, 0%, 0%);"">The fractured domestic lives of a nihilistic mad scientist and his anxious grandson are further complicated by their inter-dimensional misadventures.</span></p><p>&nbsp;</p>",https://www.imdb.com/title/tt2861424/,,2
2,Libertate,Libertate,8,8.1,2023-08-14,"<p><span style=""color:hsl(0,0%,0%);"">In the chaotic days of the December 1989 revolution that overthrew the Communist regime, the Transylvanian city of Sibiu becomes the scene of a violent assault on a Police unit that quickly escalates into a bloody confrontation between soldiers, policemen, civilian protesters and representatives of the secret police. In a desperate attempt to escape the siege, Police captain Viorel is captured by the army and thrown into an empty swimming pool along with hundreds of prisoners accused of being terrorists.</span></p>",https://www.imdb.com/title/tt25504794/,,2
1,Clanul,Clanul,1,7.5,2022-08-19,"<p><span style=""color:hsl(0, 0%, 0%);"">The Clan is an adaptation that will center on an engaging story about the classic struggle between the Police and the Mafia. Tensions will rise as love stories spice up the eternal battle between good and evil.</span></p>",https://www.imdb.com/title/tt21603982/,,2
1,Groapa,Groapa,1,7.6,2023-09-15,"<p><span style=""color:hsl(0, 0%, 0%);"">The series ""Groapa"" presents a realistic and harsh picture of mafia life, family relationships, problems and love stories in a way that will make the people at home enjoy every second and understand that family is everything .</span></p>",https://www.imdb.com/title/tt29041303/,,2
2,Tati Part Time,Tati Part Time,5,7.0,2024-01-02,"<p><span style=""color:hsl(0, 0%, 0%);"">A lawyer willing to compromise for his career, must care for Maya, his 8-year-old goddaughter. Their orderly lives are disrupted as he adjusts to parenthood and she to her new guardian.</span></p>",https://www.imdb.com/title/tt30430918/,,2
2,Societatea zăpezii,La sociedad de la nieve,2,7.9,2023-09-09,"<p><span style=""color:hsl(0, 0%, 0%);"">The flight of a rugby team crashes on a glacier in the Andes. The few passengers who survive the crash find themselves in one of the world's toughest environments to survive.</span></p>",https://www.imdb.com/title/tt16277242/,,2
2,Z for Zachariah,Z for Zachariah,8,6.0,2015-01-24,"<p><span style=""color:hsl(0, 0%, 0%);"">In the wake of a disaster that wipes out most of civilization, two men and a young woman find themselves in an emotionally charged love triangle as the last known survivors.</span></p>",https://www.imdb.com/title/tt1598642/,,1
1,Trasnitii din Queens,The King of Queens,5,7.4,1998-09-21,"<p><span style=""color:hsl(0, 0%, 0%);"">Deliveryman Doug Heffernan has a good life: He has a pretty wife (Carrie), a big television, and friends with which to watch it. Then Carrie's goofy, annoying father Arthur moves in with them.</span></p>",https://www.imdb.com/title/tt0165581/,,1
2,1922,1922,6,6.2,2017-09-23,"<p><span style=""color:hsl(0, 0%, 0%);"">A simple yet proud farmer in the year 1922 conspires to murder his wife for financial gain, convincing his teenage son to assist. But their actions have unintended consequences.</span></p>",https://www.imdb.com/title/tt6214928/,,1
2,Percy Jackson şi Olimpienii: Hoţul fulgerului,Percy Jackson & the Olympians: The Lightning Thief,2,5.9,2010-02-10,"<p><span style=""color:hsl(0, 0%, 0%);"">A teenager discovers he's the descendant of a Greek god and sets out on an adventure to settle an on-going battle between the gods.</span></p>",https://www.imdb.com/title/tt0814255/,,1
2,The Revenant: Legenda lui Hugh Glass,The Revenant,1,8.0,2015-12-16,"<p><span style=""color:hsl(0, 0%, 0%);"">A frontiersman on a fur trading expedition in the 1820s fights for survival after being mauled by a bear and left for dead by members of his own hunting team.</span></p>",https://www.imdb.com/title/tt1663202/,,1
2,"Precum in iad, asa si pe pamant","As Above, So Below",13,6.2,2014-08-19,"<p><span style=""color:hsl(0, 0%, 0%);"">When a team of explorers venture into the catacombs that lie beneath the streets of Paris, they uncover the dark secret that lies within this city of the dead.</span></p>",https://www.imdb.com/title/tt2870612/,,1
2,Autopsie fatală,The Autopsy of Jane Doe,13,6.8,2016-09-09,"<p><span style=""color:hsl(0, 0%, 0%);"">A father and son, both coroners, are pulled into a complex mystery while attempting to identify the cause of death of a young woman who was apparently harboring dark secrets.</span></p>",https://www.imdb.com/title/tt3289956/,,1
2,Sinister 2,Sinister 2,13,5.3,2015-08-19,"<p><span style=""color:hsl(0, 0%, 0%);"">A young mother and her twin sons move into a rural house that's marked for death.</span></p>",https://www.imdb.com/title/tt2752772/,,1
2,Sinister,Sinister,13,6.8,2012-03-11,"<p><span style=""color:hsl(0, 0%, 0%);"">A controversial true crime writer finds a box of super 8 home movies in his new home, revealing that the murder case he is currently researching could be the work of an unknown serial killer whose legacy dates back to the 1960s.</span></p>",https://www.imdb.com/title/tt1922777/,,1
2,Omul negru,The Babadook,13,6.8,2014-01-17,"<p><span style=""color:hsl(0, 0%, 0%);"">A single mother and her child fall into a deep well of paranoia when an eerie children's book titled ""Mister Babadook"" manifests in their home.</span></p>",https://www.imdb.com/title/tt2321549/,,1
2,Curse of the Blair Witch,Curse of the Blair Witch,13,6.5,1999-07-11,"<p><span style=""color:hsl(0, 0%, 0%);"">A mockumentary exploring the life of the Blair Witch and the three missing student filmmakers.</span></p>",https://www.imdb.com/title/tt0202493/,,2
2,The Blair Witch Project,The Blair Witch Project,13,6.5,1999-01-25,"<p><span style=""color:hsl(0, 0%, 0%);"">Three film students vanish after traveling into a Maryland forest to film a documentary on the local Blair Witch legend, leaving only their footage behind.</span></p>",https://www.imdb.com/title/tt0185937/,,1
2,Activitate paranormala. Dimensiunea spectrala,Paranormal Activity: The Ghost Dimension,13,4.6,2015-10-20,"<p><span style=""color:hsl(0, 0%, 0%);"">Using a special camera that can see spirits, a family must protect their daughter from an evil entity with a sinister plan.</span></p>",https://www.imdb.com/title/tt2473510/,,1
2,Activitate paranormală 4,Paranormal Activity 4,13,4.6,2012-10-16,"<p><span style=""color:hsl(0, 0%, 0%);"">It has been five years since the disappearance of Katie and Hunter, and a suburban family witness strange events in their neighborhood when a woman and a mysterious child move in.</span></p>",https://www.imdb.com/title/tt2109184/,,1
2,Activitate paranormală 3,Paranormal Activity 3,13,5.8,2011-10-14,"<p><span style=""color:hsl(0, 0%, 0%);"">n 1988, young sisters Katie and Kristi befriend an invisible entity called Toby, who resides in their home.</span></p>",https://www.imdb.com/title/tt1778304/,,1
2,Activitate paranormală 2,Paranormal Activity 2,13,5.7,2010-10-20,"<p><span style=""color:hsl(0, 0%, 0%);"">After experiencing what they think are a series of ""break-ins"", a family sets up security cameras around their home, only to realize that the events unfolding before them are more sinister than they seem.</span></p>",https://www.imdb.com/title/tt1536044/,,1
2,Activitate paranormală,Paranormal Activity,13,6.3,2007-10-14,"<p><span style=""color:hsl(0, 0%, 0%);"">After moving into a suburban home, a couple becomes increasingly disturbed by a nightly demonic presence.</span></p>",https://www.imdb.com/title/tt1179904/,,1
2,Insidios,Insidious,13,6.8,2010-09-14,"<p><span style=""color:hsl(0, 0%, 0%);"">A family looks to prevent evil spirits from trapping their comatose child in a realm called The Further.</span></p>",https://www.imdb.com/title/tt1591095/,,1
2,El hoyo,El hoyo,18,7.0,2019-09-06,"<p><span style=""color:hsl(0, 0%, 0%);"">A vertical prison with one cell per level. Two people per cell. Only one food platform and two minutes per day to feed. An endless nightmare trapped in The Hole.</span></p>",https://www.imdb.com/title/tt8228288/,,1
2,Midsommar,Midsommar,16,7.1,2019-06-24,"<p><span style=""color:hsl(0, 0%, 0%);"">A couple travels to Northern Europe to visit a rural hometown's fabled Swedish mid-summer festival. What begins as an idyllic retreat quickly devolves into an increasingly violent and bizarre competition at the hands of a pagan cult.</span></p>",https://www.imdb.com/title/tt8772262/,,1
2,Moștenire diabolică,Hereditary,13,7.3,2018-01-21,"<p><span style=""color:hsl(0, 0%, 0%);"">A grieving family is haunted by tragic and disturbing occurrences.</span></p>",https://www.imdb.com/title/tt7784604/,,1
2,Bird Box: Orbește: Barcelona,Bird Box: Barcelona,13,5.3,2023-07-14,"<p><span style=""color:hsl(0, 0%, 0%);"">After an entity of mysterious origin annihilates the world's population causing those who observe it to take their lives, Sebastián and his daughter begin their own great adventure of survival in Barcelona.</span></p>",https://www.imdb.com/title/tt14400246/,,1
2,Bird Box,Bird Box,13,6.6,2018-11-12,"<p><span style=""color:hsl(0, 0%, 0%);"">Five years after an ominous unseen presence drives most of society to suicide, a mother and her two children make a desperate bid to reach safety.</span></p>",https://www.imdb.com/title/tt2737304/,,1
2,Split - Personalitati multiple,Split,21,7.3,2016-09-26,"<p><span style=""color:hsl(0, 0%, 0%);"">Three girls are kidnapped by a man with a diagnosed 23 distinct personalities. They must try to escape before the apparent emergence of a frightful new 24th.</span></p>",https://www.imdb.com/title/tt4972582/,,1
2,Omul invizibil,The Invisible Man,16,7.1,2020-02-24,"<p><span style=""color:hsl(0, 0%, 0%);"">When Cecilia's abusive ex takes his own life and leaves her his fortune, she suspects his death was a hoax. As a series of coincidences turn lethal, Cecilia works to prove that she is being hunted by someone nobody can see.</span></p>",https://www.imdb.com/title/tt1051906/,,1
2,Omul din întuneric 2,Don't Breathe 2,13,6.0,2021-08-12,"<p><span style=""color:hsl(0, 0%, 0%);"">The sequel is set in the years following the initial deadly home invasion, where Norman Nordstrom lives in quiet solace until his past sins catch up to him.</span></p>",https://www.imdb.com/title/tt6246322/,,1
2,Omul din întuneric,Don't Breathe,13,7.1,2016-03-12,"<p><span style=""color:hsl(0, 0%, 0%);"">Hoping to walk away with a massive fortune, a trio of thieves break into the house of a blind man who isn't as helpless as he seems.</span></p>",https://www.imdb.com/title/tt4160708/,,1
2,Fără zgomot 2,A Quiet Place Part II,18,7.2,2020-03-08,"<p><span style=""color:hsl(0, 0%, 0%);"">Following the events at home, the Abbott family now face the terrors of the outside world. Forced to venture into the unknown, they realize the creatures that hunt by sound are not the only threats lurking beyond the sand path.</span></p>",https://www.imdb.com/title/tt8332922/,,1
2,Fără zgomot,A Quiet Place,18,7.5,2018-03-09,"<p><span style=""color:hsl(0, 0%, 0%);"">A family struggles for survival in a world where most humans have been killed by blind but noise-sensitive creatures. They are forced to communicate in sign language to keep the creatures at bay.</span></p>",https://www.imdb.com/title/tt6644200/,,1
2,It Chapter Two,It Chapter Two,21,6.5,2019-08-26,"<p><span style=""color:hsl(0, 0%, 0%);"">Twenty-seven years after their first encounter with the terrifying Pennywise, the Losers Club have grown up and moved away, until a devastating phone call brings them back.</span></p>",https://www.imdb.com/title/tt7349950/,,1
2,It,It,13,7.3,2017-09-05,"<p><span style=""color:hsl(0, 0%, 0%);"">In the summer of 1989, a group of bullied kids band together to destroy a shape-shifting monster, which disguises itself as a clown and preys on the children of Derry, their small Maine town.</span></p>",https://www.imdb.com/title/tt1396484/,,1
2,Avertizarea Doi,The Ring Two,13,5.4,2005-03-17,"<p><span style=""color:hsl(0, 0%, 0%);"">6 months after the incidents involving the lethal videotape, new clues prove that there is a new evil lurking in the darkness.</span></p>",https://www.imdb.com/title/tt0377109/,,1
2,Avertizarea,The Ring,13,7.1,2002-10-02,"<p><span style=""color:hsl(0, 0%, 0%);"">A journalist must investigate a mysterious videotape which seems to cause the death of anyone one week to the day after they view it.</span></p>",https://www.imdb.com/title/tt0298130/,,1
2,Coborare întunecata 2,The Descent: Part 2,21,5.7,2009-08-25,"<p><span style=""color:hsl(0, 0%, 0%);"">Refusing to believe her story about cave-dwelling monsters, the sole survivor of a spelunking exploration gone horribly wrong is forced to follow the authorities back into the caves where something awaits.</span></p>",https://www.imdb.com/title/tt1073105/,,1
2,Coborâre întunecata,The Descent,21,7.2,2005-03-11,"<p><span style=""color:hsl(0,0%,0%);"">A caving expedition goes horribly wrong, as the explorers become trapped and ultimately pursued by a strange breed of predators.</span></p>",https://www.imdb.com/title/tt0435625/,,1
2,Splinter,Splinter,13,6.1,2008-10-31,"<p><span style=""color:hsl(0, 0%, 0%);"">Trapped in an isolated gas station by a voracious Splinter parasite that transforms its still-living victims into deadly hosts, a young couple and an escaped convict must find a way to work together to survive this primal terror.</span></p>",https://www.imdb.com/title/tt1031280/,,1
2,Casa celor o mie de cadavre,House of 1000 Corpses,13,6.0,2003-03-13,"<p><span style=""color:hsl(0, 0%, 0%);"">Two young couples traveling across the backwoods of Texas searching for urban legends of murder end up as prisoners of a bizarre and sadistic backwater family of serial killers.</span></p>",https://www.imdb.com/title/tt0251736/,,1
2,The Texas Chainsaw Massacre,The Texas Chainsaw Massacre,13,6.2,2003-10-15,"<p><span style=""color:hsl(0, 0%, 0%);"">After picking up a traumatized young hitchhiker, five friends find themselves stalked and hunted by a deformed chainsaw-wielding loon and his family of equally psychopathic killers.</span></p>",https://www.imdb.com/title/tt0324216/,,1
2,Tenebre,Jeepers Creepers,13,6.2,2001-07-20,"<p><span style=""color:hsl(0, 0%, 0%);"">A brother and sister driving home through isolated countryside for spring break encounter a flesh-eating creature which is in the midst of its ritualistic eating spree.</span></p>",https://www.imdb.com/title/tt0263488/,,2
2,Wrong Turn VI: Last Resort,Wrong Turn VI: Last Resort,13,4.1,2014-08-22,"<p><span style=""color:hsl(0, 0%, 0%);"">An inheritance leads a young man and his friends to an abandoned resort inhabited by two sketchy caretakers and a clan of mutant cannibals.</span></p>",https://www.imdb.com/title/tt3612032/,,1
2,Wrong Turn 5,Wrong Turn 5,13,4.1,2012-10-18,"<p><span style=""color:hsl(0,0%,0%);"">A group of college students, on a trip to the Mountain Man Festival on Halloween in West Virginia, encounter a clan of cannibals.</span></p>",https://www.imdb.com/title/tt2375779/,,1
2,Wrong Turn,Wrong Turn,13,5.5,2021-01-26,"<p><span style=""color:hsl(0, 0%, 0%);"">Friends hiking the Appalachian Trail are confronted by 'The Foundation', a community of people who have lived in the mountains for hundreds of years.</span></p>",https://www.imdb.com/title/tt9110170/,,1
2,Drum interzis 4: Începuturi sângeroase,Wrong Turn 4: Bloody Beginnings,13,4.5,2011-10-25,"<p><span style=""color:hsl(0,0%,0%);"">A group of college students gets lost in a storm during their snowmobiling trip and takes shelter in an abandoned sanitarium which, unbeknown to them, is home to deformed cannibals.</span></p>",https://www.imdb.com/title/tt1865567/,,1
2,Drum interzis 3,Wrong Turn 3: Left for Dead,13,4.6,2009-10-08,"<p><span style=""color:hsl(0, 0%, 0%);"">When their transfer bus crashes in a West Virginia forest, a group of convicts and one a corrections officer meet a rafter who is on the run from cannibalistic hillbillies who have murdered her friends.</span></p>",https://www.imdb.com/title/tt1261978/,,1
2,Drum interzis 2: Fundatura,Wrong Turn 2: Dead End,13,5.4,2007-08-25,"<p><span style=""color:hsl(0, 0%, 0%);"">A group of reality show contestants find themselves fighting for their survival against a family of hideously deformed inbred cannibals who plan to ruthlessly butcher them all.</span></p>",https://www.imdb.com/title/tt0804555/,,1
2,Wrong Turn,Wrong Turn,13,6.1,2003-05-30,"<p><span style=""color:hsl(0, 0%, 0%);"">Chris and a group of five friends are left stranded deep in the middle of the woods after their cars collide. As they venture deeper into the woods, they face an uncertain and bloodcurdling fate.</span></p>",https://www.imdb.com/title/tt0295700/,,1
2,Dawn of the Dead,Dawn of the Dead,13,7.8,1978-09-01,"<p><span style=""color:hsl(0, 0%, 0%);"">During an escalating zombie epidemic, two Philadelphia SWAT team members, a traffic reporter and his TV executive girlfriend seek refuge in a secluded shopping mall.</span></p>",https://www.imdb.com/title/tt0077402/,,2
2,Dealuri însângerate 2,The Hills Have Eyes II,13,5.1,2007-03-16,"<p><span style=""color:hsl(0, 0%, 0%);"">A group of National Guard trainees find themselves battling against a vicious group of mutants on their last day of training in the desert.</span></p>",https://www.imdb.com/title/tt0800069/,,1
2,Ultima casa pe stanga,The Last House on the Left,13,6.5,2009-03-13,"<p><span style=""color:hsl(0, 0%, 0%);"">After kidnapping and brutally assaulting two young women, a gang unknowingly finds refuge at a vacation home belonging to the parents of one of the victims: a mother and father who devise an increasingly gruesome series of revenge tactics.</span></p>",https://www.imdb.com/title/tt0844708/,,1
2,Day of the Woman,Day of the Woman,13,5.6,1978-05-23,"<p><span style=""color:hsl(0, 0%, 0%);"">An aspiring writer is repeatedly assaulted, humiliated, and left for dead by four men she systematically hunts down to seek revenge.</span></p>",https://www.imdb.com/title/tt0077713/,,1
2,The Last House on the Left,The Last House on the Left,6,5.9,1972-08-02,"<p><span style=""color:hsl(0, 0%, 0%);"">Two teenage girls heading to a rock concert for one's birthday try to score marijuana in the city, where they are kidnapped and brutalized by a gang of psychopathic convicts.</span></p>",https://www.imdb.com/title/tt0068833/,,1
2,Dealuri însângerate,The Hills Have Eyes,13,6.4,2006-03-10,"<p><span style=""color:hsl(0, 0%, 0%);"">A traveling family falls victim to a group of mutated cannibals in a desert far away from civilization.</span></p>",https://www.imdb.com/title/tt0454841/,,1
2,Sălbatic şi mortal,The Hills Have Eyes,13,6.3,1977-06-15,"<p><span style=""color:hsl(0, 0%, 0%);"">On the way to California, a family has the misfortune to have their car break down in an area closed to the public, and inhabited by violent savages ready to attack.</span></p>",https://www.imdb.com/title/tt0077681/,,1
2,Los últimos días,Los últimos días,18,6.1,2013-03-20,"<p><span style=""color:hsl(0, 0%, 0%);"">In this terrifying apocalyptic horror, a mysterious epidemic like no other has swept across the globe, leaving chaos in its wake.</span></p>",https://www.imdb.com/title/tt1935914/,,1
2,Înstrainati,The Divide,21,5.8,2011-03-13,"<p><span style=""color:hsl(0, 0%, 0%);"">Survivors of a nuclear attack are grouped together for days in the basement of their apartment building, where fear and dwindling supplies wear away at their dynamic.</span></p>",https://www.imdb.com/title/tt1535616/,,1
2,Right at Your Door,Right at Your Door,18,6.0,2006-01-23,"<p><span style=""color:hsl(0, 0%, 0%);"">A dirty bomb goes off in Los Angeles, jamming freeways and spreading a toxic cloud.</span></p>",https://www.imdb.com/title/tt0458367/,,1
2,Creatorul,The Creator,18,6.8,2023-09-21,"<p><span style=""color:hsl(0, 0%, 0%);"">Against the backdrop of a war between humans and robots with artificial intelligence, a former soldier finds the secret weapon, a robot in the form of a young child.</span></p>",https://www.imdb.com/title/tt11858890/,,1
1,Vara întunecată,Black Summer,13,6.6,2019-04-11,"<p><span style=""color:hsl(0, 0%, 0%);"">In the dark, early days of a zombie apocalypse, complete strangers band together to find the strength they need to survive and get back to loved ones.</span></p>",https://www.imdb.com/title/tt8923854/,,1
1,1883,1883,8,8.7,2021-12-12,"<p><span style=""color:hsl(0, 0%, 0%);"">The post-Civil war generation of the Dutton family travels to Texas, and joins a wagon train undertaking the arduous journey west to Oregon, before settling in Montana to establish what would eventually become the Yellowstone Ranch.</span></p>",https://www.imdb.com/title/tt13991232/,,1
2,Invadarea lumii: Batalia Los Angeles,Battle: Los Angeles,1,5.7,2011-03-08,"<p><span style=""color:hsl(0, 0%, 0%);"">A squad of U.S. Marines becomes the last line of defense against a global invasion.</span></p>",https://www.imdb.com/title/tt1217613/,,1
2,Legiunea,Legion,1,5.3,2010-01-21,"<p><span style=""color:hsl(0, 0%, 0%);"">When a group of strangers at a dusty roadside diner come under attack by demonic forces, their only chance for survival lies with an archangel named Michael, who informs a pregnant waitress that her unborn child is humanity's last hope.</span></p>",https://www.imdb.com/title/tt1038686/,,1
2,9,9,3,7.0,2009-08-19,"<p><span style=""color:hsl(0, 0%, 0%);"">A rag doll that awakens in a postapocalyptic future holds the key to humanity's salvation.</span></p>",https://www.imdb.com/title/tt0472033/,,1
2,Ziua in care Pamantul se opri,The Day the Earth Stood Still,18,5.5,2008-12-10,"<p><span style=""color:hsl(0, 0%, 0%);"">A remake of the 1951 classic science fiction film about an alien visitor and his giant robot counterpart who visit Earth</span></p>",https://www.imdb.com/title/tt0970416/,,1
2,Apollo 13,Apollo 13,12,7.7,1995-06-22,"<p><span style=""color:hsl(0, 0%, 0%);"">NASA must devise a strategy to return Apollo 13 to Earth safely after the spacecraft undergoes massive internal damage putting the lives of the three astronauts on board in jeopardy.</span></p>",https://www.imdb.com/title/tt0112384/,,1
2,Întâmplarea,The Happening,18,5.0,2008-06-10,"<p><span style=""color:hsl(0, 0%, 0%);"">A science teacher, his wife, and a young girl struggle to survive a plague that causes those infected to commit suicide.</span></p>",https://www.imdb.com/title/tt0949731/,,1
2,Negura,The Mist,18,7.1,2007-05-09,"<p><span style=""color:hsl(0, 0%, 0%);"">A freak storm unleashes a species of bloodthirsty creatures on a small town, where a small band of citizens hole up in a supermarket and fight for their lives.</span></p>",https://www.imdb.com/title/tt0884328/,,1
2,Contagion: Pericol nevazut,Contagion,18,6.8,2011-09-03,"<p><span style=""color:hsl(0, 0%, 0%);"">Healthcare professionals, government officials and everyday people find themselves in the midst of a pandemic as the CDC works to find a cure.</span></p>",https://www.imdb.com/title/tt1598778/,,1
2,Furtuna perfecta,The Perfect Storm,18,6.5,2000-06-26,"<p><span style=""color:hsl(0, 0%, 0%);"">An unusually intense storm pattern catches some commercial fishermen unaware and puts them in mortal danger.</span></p>",https://www.imdb.com/title/tt0177971/,,1
2,Numere fatale,Knowing,16,6.2,2009-03-09,"<p><span style=""color:hsl(0, 0%, 0%);"">M.I.T. professor John Koestler links a mysterious list of numbers from a time capsule to past and future disasters and sets out to prevent the ultimate catastrophe.</span></p>",https://www.imdb.com/title/tt0448011/,,1
2,Armageddon,Armageddon,1,6.7,1998-06-30,"<p><span style=""color:hsl(0, 0%, 0%);"">After discovering that an asteroid the size of Texas will impact Earth in less than a month, NASA recruits a misfit team of deep-core drillers to save the planet.</span></p>",https://www.imdb.com/title/tt0120591/,,1
2,Cast & crew User reviews Trivia FAQ IMDbPro  Impact nimicitor,Deep Impact,18,6.2,1998-05-07,"<p><span style=""color:hsl(0, 0%, 0%);"">A comet is discovered to be on a collision course with Earth. As doomsday nears, the human race prepares for the worst.</span></p>",https://www.imdb.com/title/tt0120647/,,1
2,Razboiul lumilor,War of the Worlds,18,6.5,2005-06-13,"<p><span style=""color:hsl(0, 0%, 0%);"">An alien invasion threatens the future of humanity. The catastrophic nightmare is depicted through the eyes of one American family fighting for survival.</span></p>",https://www.imdb.com/title/tt0407304/,,1
2,Ziua independentei,Independence Day,18,7.0,1996-06-25,"<p><span style=""color:hsl(0, 0%, 0%);"">The aliens are coming and their goal is to invade and destroy Earth. Fighting superior technology, mankind's best weapon is the will to survive.</span></p>",https://www.imdb.com/title/tt0116629/,,1
2,Ziua de poimâine,The Day After Tomorrow,18,6.5,2004-05-17,"<p><span style=""color:hsl(0, 0%, 0%);"">Jack Hall, paleoclimatologist, must make a daring trek from Washington, D.C. to New York City to reach his son, trapped in the cross-hairs of a sudden international storm which plunges the planet into a new Ice Age.</span></p>",https://www.imdb.com/title/tt0319262/,,1
2,2012,2012,18,5.8,2009-11-11,"<p><span style=""color:hsl(0, 0%, 0%);"">A frustrated writer struggles to keep his family alive when a series of global catastrophes threatens to annihilate mankind.</span></p>",https://www.imdb.com/title/tt1190080/,,1
2,Lupta cu zombi,Shaun of the Dead,5,7.9,2004-03-29,"<p><span style=""color:hsl(0, 0%, 0%);"">The uneventful, aimless lives of a London electronics salesman and his layabout roommate are disrupted by the zombie apocalypse.</span></p>",https://www.imdb.com/title/tt0365748/,,1
2,Masina timpului,The Time Machine,18,6.0,2002-03-04,"<p><span style=""color:hsl(0, 0%, 0%);"">Hoping to alter the events of the past, a 19th century inventor instead travels 800,000 years into the future, where he finds humankind divided into two warring races.</span></p>",https://www.imdb.com/title/tt0268695/,,1
2,Terminator - Salvarea,Terminator Salvation,18,6.5,2009-05-14,"<p><span style=""color:hsl(0, 0%, 0%);"">In 2018, a mysterious new weapon in the war against the machines, half-human and half-machine, comes to John Connor on the eve of a resistance attack on Skynet. But whose side is he on, and can he be trusted?</span></p>",https://www.imdb.com/title/tt0438488/,,1
2,Purtatorii,Carriers,18,6.0,2009-08-18,"<p><span style=""color:hsl(0, 0%, 0%);"">As a lethal virus spreads globally, four friends seek a reputed plague-free haven. But while avoiding the infected, the travelers turn on one another.</span></p>",https://www.imdb.com/title/tt0806203/,,1
2,The Matrix Revolutions,The Matrix Revolutions,18,6.7,2003-10-16,"<p><span style=""color:hsl(0, 0%, 0%);"">The human city of Zion defends itself against the massive invasion of the machines as Neo fights to end the war at another front while also opposing the rogue Agent Smith.</span></p>",https://www.imdb.com/title/tt0242653/,,1
2,Matrix - Reîncarcat,The Matrix Reloaded,18,7.2,2003-05-07,"<p><span style=""color:hsl(0, 0%, 0%);"">Freedom fighters Neo, Trinity and Morpheus continue to lead the revolt against the Machine Army, unleashing their arsenal of extraordinary skills and weaponry against the systematic forces of repression and exploitation.</span></p>",https://www.imdb.com/title/tt0234215/,,1
2,Matrix,The Matrix,18,8.7,1999-03-24,"<p><span style=""color:hsl(0, 0%, 0%);"">When a beautiful stranger leads computer hacker Neo to a forbidding underworld, he discovers the shocking truth--the life he knows is the elaborate deception of an evil cyber-intelligence.</span></p>",https://www.imdb.com/title/tt0133093/,,1
2,Expresul zapezii,Snowpiercer,18,7.1,2013-07-29,"<p><span style=""color:hsl(0, 0%, 0%);"">In a future where a failed climate change experiment has killed all life except for the survivors who boarded the Snowpiercer (a train that travels around the globe), a new class system emerges.</span></p>",https://www.imdb.com/title/tt1706620/,,1
2,Oblivion. Planeta uitata,Oblivion,18,7.0,2013-03-26,"<p><span style=""color:hsl(0, 0%, 0%);"">A veteran assigned to extract Earth's remaining resources begins to question what he knows about his mission and himself.</span></p>",https://www.imdb.com/title/tt1483013/,,1
2,Dimineata mortii,Dawn of the Dead,13,7.3,2004-03-10,"<p><span style=""color:hsl(0, 0%, 0%);"">A nurse, a policeman, a young married couple, a salesman and other survivors of a worldwide plague that is producing aggressive, flesh-eating zombies, take refuge in a mega Midwestern shopping mall.</span></p>",https://www.imdb.com/title/tt0363547/,,1
2,Copiii tatălui,Children of Men,18,7.9,2006-09-03,"<p><span style=""color:hsl(0, 0%, 0%);"">In 2027, in a chaotic world in which women have somehow become infertile, a former activist agrees to help transport a miraculously pregnant woman to a sanctuary at sea.</span></p>",https://www.imdb.com/title/tt0206634/,,1
2,Drumul,The Road,18,7.2,2009-09-03,"<p><span style=""color:hsl(0, 0%, 0%);"">In a dangerous post-apocalyptic world, an ailing father defends his son as they slowly travel to the sea.</span></p>",https://www.imdb.com/title/tt0898367/,,1
2,Cartea lui Eli,The Book of Eli,18,6.8,2010-01-11,"<p><span style=""color:hsl(0, 0%, 0%);"">A drifter fights his way across a ravaged, post-apocalyptic America while protecting a sacred book that holds the secrets to humanity's salvation.</span></p>",https://www.imdb.com/title/tt1037705/,,1
2,Legenda vie,I Am Legend,18,7.2,2007-12-05,"<p><span style=""color:hsl(0, 0%, 0%);"">Years after a plague kills most of humanity and transforms the rest into monsters, the sole survivor in New York City struggles valiantly to find a cure.</span></p>",https://www.imdb.com/title/tt0480249/,,1
1,Fear the Walking Dead,Fear the Walking Dead,13,6.8,2015-08-23,"<p><span style=""color:hsl(0, 0%, 0%);"">A Walking Dead spinoff set in Los Angeles, California. Follows two families who must band together to survive the undead apocalypse.</span></p>",https://www.imdb.com/title/tt3743822/,,1
2,Hachiko: Povestea unui câine,Hachi: A Dog's Tale,4,8.1,2009-06-13,"<p><span style=""color:hsl(0, 0%, 0%);"">Professor Wilson discovers a lost Akita puppy on his way home. Despite objections from his wife, Hachi endears himself to the family and grows to be Parker's loyal companion. As their bond grows deeper, a beautiful relationship unfolds.</span></p>",https://www.imdb.com/title/tt1028532/,,1
2,Executorul/Terminatorul,The Terminator,18,8.1,1984-10-26,"<p><span style=""color:hsl(0, 0%, 0%);"">A human soldier is sent from 2029 to 1984 to stop an almost indestructible cyborg killing machine, sent from the same year, which has been programmed to execute a young woman whose unborn son is the key to humanity's future salvation.</span></p>",https://www.imdb.com/title/tt0088247/,,1
2,În sălbăticie,Into the Wild,2,8.1,2007-09-01,"<p><span style=""color:hsl(0, 0%, 0%);"">After graduating from Emory University, top student and athlete Christopher McCandless abandons his possessions, gives his entire $24,000 savings account to charity and hitchhikes to Alaska to live in the wilderness. Along the way, Christopher encounters a series of characters that shape his life.</span></p>",https://www.imdb.com/title/tt0758758/,,1
2,Hotel Rwanda,Hotel Rwanda,4,8.1,2004-09-11,"<p><span style=""color:hsl(0, 0%, 0%);"">Paul Rusesabagina, a hotel manager, houses over a thousand Tutsi refugees during their struggle against the Hutu militia in Rwanda, Africa.</span></p>",https://www.imdb.com/title/tt0395169/,,1
2,Falci 2,Jaws 2,21,5.8,1978-06-16,"<p><span style=""color:hsl(0,0%,0%);"">Police chief Brody must protect the citizens of Amity after a second monstrous shark begins terrorizing the waters.</span></p>",https://www.imdb.com/title/tt0077766/,,1
2,Fălci,Jaws,21,8.1,1975-06-20,"<p><span style=""color:hsl(0, 0%, 0%);"">When a killer shark unleashes chaos on a beach community off Cape Cod, it's up to a local sheriff, a marine biologist, and an old seafarer to hunt the beast down.</span></p>",https://www.imdb.com/title/tt0073195/,,1
2,12 ani de sclavie,12 Years a Slave,4,8.1,2013-08-30,"<p><span style=""color:hsl(0, 0%, 0%);"">In the antebellum United States, Solomon Northup, a free black man from upstate New York, is abducted and sold into slavery.</span></p>",https://www.imdb.com/title/tt2024544/,,1
2,Exorcistul,The Exorcist,13,8.1,1973-12-26,"<p><span style=""color:hsl(0, 0%, 0%);"">When a young girl is possessed by a mysterious entity, her mother seeks the help of two Catholic priests to save her life.</span></p>",https://www.imdb.com/title/tt0070047/,,1
2,Creatura,The Thing,13,6.2,2011-10-10,"<p><span style=""color:hsl(0, 0%, 0%);"">At an Antarctica research site, the discovery of an alien craft leads to a confrontation between graduate student Kate Lloyd and scientist Dr. Sander Halvorson.</span></p>",https://www.imdb.com/title/tt0905372/,,1
2,Creatura,The Thing,13,8.2,1982-06-25,"<p><span style=""color:hsl(0, 0%, 0%);"">A research team in Antarctica is hunted by a shape-shifting alien that assumes the appearance of its victims.</span></p>",https://www.imdb.com/title/tt0084787/,,1
2,O minte sclipitoare,A Beautiful Mind,8,8.2,2001-12-13,"<p><span style=""color:hsl(0, 0%, 0%);"">A mathematical genius, John Nash made an astonishing discovery early in his career and stood on the brink of international acclaim. But the handsome and arrogant Nash soon found himself on a harrowing journey of self-discovery.</span></p>",https://www.imdb.com/title/tt0268978/,,1
2,Al șaselea simț,The Sixth Sense,16,8.2,1999-08-02,"<p><span style=""color:hsl(0, 0%, 0%);"">Malcolm Crowe, a child psychologist, starts treating a young boy, Cole, who encounters dead people and convinces him to help them. In turn, Cole helps Malcolm reconcile with his estranged wife.</span></p>",https://www.imdb.com/title/tt0167404/,,1
2,Labirintul lui Pan,El laberinto del fauno,8,8.2,2006-05-27,"<p><span style=""color:hsl(0, 0%, 0%);"">In the Falangist Spain of 1944, the bookish young stepdaughter of a sadistic army officer escapes into an eerie but captivating fantasy world.</span></p>",https://www.imdb.com/title/tt0457430/,,1
2,Jurassic Park III,Jurassic Park III,18,5.9,2001-07-16,"<p><span style=""color:hsl(0, 0%, 0%);"">A decidedly odd couple with ulterior motives convince Dr. Grant to go to Isla Sorna for a holiday, but their unexpected landing startles the island's new inhabitants.</span></p>",https://www.imdb.com/title/tt0163025/,,1
2,Lumea pierdută: Jurassic Park,The Lost World: Jurassic Park,18,6.5,1997-05-19,"<p><span style=""color:hsl(0, 0%, 0%);"">A research team is sent to the Jurassic Park Site B island to study the dinosaurs there, while an InGen team approaches with another agenda.</span></p>",https://www.imdb.com/title/tt0119567/,,1
2,Jurassic Park,Jurassic Park,18,8.2,1993-06-09,"<p><span style=""color:hsl(0, 0%, 0%);"">A pragmatic paleontologist touring an almost complete theme park on an island in Central America is tasked with protecting a couple of kids after a power failure causes the park's cloned dinosaurs to run loose.</span></p>",https://www.imdb.com/title/tt0107290/,,1
2,Top Gun: Maverick,Top Gun: Maverick,1,8.3,2022-05-18,"<p><span style=""color:hsl(0, 0%, 0%);"">A pragmatic paleontologist touring an almost complete theme park on an island in Central America is tasked with protecting a couple of kids after a power failure causes the park's cloned dinosaurs to run loose.</span></p>",https://www.imdb.com/title/tt1745960/,,1
2,Dunkirk,Dunkirk,1,7.8,2017-07-13,"<p><span style=""color:hsl(0, 0%, 0%);"">Allied soldiers from Belgium, the British Commonwealth and Empire, and France are surrounded by the German Army and evacuated during a fierce battle in World War II.</span></p>",https://www.imdb.com/title/tt5013056/,,1
2,Fără armă în linia întâi,Hacksaw Ridge,4,8.1,2016-09-04,"<p><span style=""color:hsl(0, 0%, 0%);"">World War II American Army Medic Desmond T. Doss, serving during the Battle of Okinawa, refuses to kill people and becomes the first man in American history to receive the Medal of Honor without firing a shot.</span></p>",https://www.imdb.com/title/tt2119532/,,1
2,1917: Speranță și moarte,1917,1,8.2,2019-12-04,"<p><span style=""color:hsl(0, 0%, 0%);"">April 6th, 1917. As an infantry battalion assembles to wage war deep in enemy territory, two soldiers are assigned to race against time and deliver a message that will stop 1,600 men from walking straight into a deadly trap.</span></p>",https://www.imdb.com/title/tt8579674/,,1
2,Portocala mecanică,A Clockwork Orange,6,8.3,1971-12-19,"<p><span style=""color:hsl(0, 0%, 0%);"">In the future, a sadistic gang leader is imprisoned and volunteers for a conduct-aversion experiment, but it doesn't go as planned.</span></p>",https://www.imdb.com/title/tt0066921/,,1
2,Scarface,Scarface,6,8.3,1983-12-01,"<p><span style=""color:hsl(0, 0%, 0%);"">In 1980 Miami, a determined Cuban immigrant takes over a drug cartel and succumbs to greed.</span></p>",https://www.imdb.com/title/tt0086250/,,1
2,Odiseea spațială 2001,2001: A Space Odyssey,18,8.3,1968-04-02,"<p><span style=""color:hsl(0,0%,0%);"">After uncovering a mysterious artifact buried beneath the Lunar surface, a spacecraft is sent to Jupiter to find its origins: a spacecraft manned by two men and the supercomputer HAL 9000.</span></p>",https://www.imdb.com/title/tt0062622/,,2
2,Strălucirea eternă a minții neprihănite,Eternal Sunshine of the Spotless Mind,8,8.3,2004-03-09,"<p><span style=""color:hsl(0, 0%, 0%);"">When their relationship turns sour, a couple undergoes a medical procedure to have each other erased from their memories for ever.</span></p>",https://www.imdb.com/title/tt0338013/,,1
2,Requiem pentru un vis,Requiem for a Dream,8,8.3,2000-05-14,"<p><span style=""color:hsl(0, 0%, 0%);"">The drug-induced utopias of four Coney Island people are shattered when their addictions run deep.</span></p>",https://www.imdb.com/title/tt0180093/,,1
2,Bunul Will Hunting,Good Will Hunting,8,8.3,1997-12-02,"<p><span style=""color:hsl(0, 0%, 0%);"">Will Hunting, a janitor at M.I.T., has a gift for mathematics, but needs help from a psychologist to find direction in his life.</span></p>",https://www.imdb.com/title/tt0119217/,,1
2,Prometeus,Prometheus,18,7.0,2012-04-11,"<p><span style=""color:hsl(0, 0%, 0%);"">Following clues to the origin of mankind, a team finds a structure on a distant moon, but they soon realize they are not alone.</span></p>",https://www.imdb.com/title/tt1446714/,,1
2,Alien: Covenant,Alien: Covenant,18,6.4,2017-05-04,"<p><span style=""color:hsl(0, 0%, 0%);"">The crew of a colony ship, bound for a remote planet, discover an uncharted paradise with a threat beyond their imagination, and must attempt a harrowing escape.</span></p>",https://www.imdb.com/title/tt2316204/,,1
2,Alien: Renasterea,Alien Resurrection,18,6.2,1997-11-06,"<p><span style=""color:hsl(0, 0%, 0%);"">Two centuries after her death, a powerful human/alien hybrid clone of Ellen Ripley aids a crew of space pirates in stopping the aliens from reaching Earth.</span></p>",https://www.imdb.com/title/tt0118583/,,1
2,Alien 3,Alien 3,18,6.4,1992-05-19,"<p><span style=""color:hsl(0, 0%, 0%);"">Returning from LV-426, Ellen Ripley crash-lands on the maximum-security prison Fiorina 161, where she discovers that she has unwittingly brought along an unwelcome visitor.</span></p>",https://www.imdb.com/title/tt0103644/,,1
2,Alien,Alien,18,8.5,1979-05-25,"<p><span style=""color:hsl(0, 0%, 0%);"">The crew of a commercial spacecraft encounters a deadly lifeform after investigating a mysterious transmission of unknown origin.</span></p>",https://www.imdb.com/title/tt0078748/,,1
2,Terminatorul 2: Ziua judecății,Terminator 2: Judgment Day,18,8.6,1991-07-01,"<p><span style=""color:hsl(0, 0%, 0%);"">A cyborg, identical to the one who failed to kill Sarah Connor, must now protect her ten year old son John from an even more advanced and powerful cyborg.</span></p>",https://www.imdb.com/title/tt0103064/,,1
2,Culoarul morții,The Green Mile,8,8.6,1999-12-06,"<p><span style=""color:hsl(0, 0%, 0%);"">A tale set on death row, where gentle giant John Coffee possesses the mysterious power to heal people's ailments. When the lead guard, Paul Edgecombe, recognizes John's gift, he tries to help stave off the condemned man's execution.</span></p>",https://www.imdb.com/title/tt0120689/,,1
2,Tăcerea mieilor,The Silence of the Lambs,6,8.6,1991-01-30,"<p><span style=""color:hsl(0, 0%, 0%);"">A young F.B.I. cadet must receive the help of an incarcerated and manipulative cannibal killer to help catch another serial killer, a madman who skins his victims.</span></p>",https://www.imdb.com/title/tt0102926/,,1
2,Se7en,Se7en,6,8.6,1995-09-15,"<p><span style=""color:hsl(0, 0%, 0%);"">Two detectives, a rookie and a veteran, hunt a serial killer who uses the seven deadly sins as his motives.</span></p>",https://www.imdb.com/title/tt0114369/,,1
2,Băieți buni,Goodfellas,6,8.7,1990-09-09,"<p><span style=""color:hsl(0, 0%, 0%);"">The story of Henry Hill and his life in the mafia, covering his relationship with his wife Karen and his mob partners Jimmy Conway and Tommy DeVito.</span></p>",https://www.imdb.com/title/tt0099685/,,1
2,Lista lui Schindler,Schindler's List,4,9.0,1993-11-30,"<p><span style=""color:hsl(0, 0%, 0%);"">In German-occupied Poland during World War II, industrialist Oskar Schindler gradually becomes concerned for his Jewish workforce after witnessing their persecution by the Nazis.</span></p>",https://www.imdb.com/title/tt0108052/,,1
2,Nașul: Partea a II-a,The Godfather Part II,6,9.0,1974-12-12,"<p><span style=""color:hsl(0, 0%, 0%);"">The early life and career of Vito Corleone in 1920s New York City is portrayed, while his son, Michael, expands and tightens his grip on the family crime syndicate.</span></p>",https://www.imdb.com/title/tt0071562/,,1
2,Nașul,The Godfather,6,9.2,1972-03-14,"<p><span style=""color:hsl(0, 0%, 0%);"">The aging patriarch of an organized crime dynasty transfers control of his clandestine empire to his reluctant son.</span></p>",https://www.imdb.com/title/tt0068646/,,1
2,Închisoarea îngerilor,The Shawshank Redemption,8,9.3,1994-09-10,"<p><span style=""color:hsl(0, 0%, 0%);"">Over the course of several years, two convicts form a friendship, seeking consolation and, eventually, redemption through basic compassion.</span></p>",https://www.imdb.com/title/tt0111161/,,1
2,#ÎnViață,#Saraitda,13,6.3,2020-06-24,"<p><span style=""color:hsl(0, 0%, 0%);"">The rapid spread of an unknown infection has left an entire city in ungovernable chaos, but one survivor remains alive in isolation. It is his story.</span></p>",https://www.imdb.com/title/tt10620868/,,1
2,Peninsula,Busanhaeng 2: Bando,13,5.5,2020-07-15,"<p><span style=""color:hsl(0, 0%, 0%);"">A zombie virus has in the last four years spread to all South Korea. Four Koreans in Hong Kong sail through the blockade to Incheon for USD20,000,000 on a truck.</span></p>",https://www.imdb.com/title/tt8850222/,,1
2,Tren spre Busan,Busanhaeng,13,7.6,2016-05-13,"<p><span style=""color:hsl(0, 0%, 0%);"">While a zombie virus breaks out in South Korea, passengers struggle to survive on the train from Seoul to Busan.</span></p>",https://www.imdb.com/title/tt5700672/,,1
2,Insula Shutter,Shutter Island,16,8.2,2010-02-13,"<p><span style=""color:hsl(0, 0%, 0%);"">Teddy Daniels and Chuck Aule, two US marshals, are sent to an asylum on a remote island in order to investigate the disappearance of a patient, where Teddy uncovers a shocking truth about the place.</span></p>",https://www.imdb.com/title/tt1130884/,,1
2,Forrest Gump,Forrest Gump,8,8.8,1994-06-23,"<p><span style=""color:hsl(0, 0%, 0%);"">The history of the United States from the 1950s to the '70s unfolds from the perspective of an Alabama man with an IQ of 75, who yearns to be reunited with his childhood sweetheart.</span></p>",https://www.imdb.com/title/tt0109830/,,1
2,Interstellar: Călătorind prin univers,Interstellar,18,8.7,2014-10-26,"<p><span style=""color:hsl(0, 0%, 0%);"">When Earth becomes uninhabitable in the future, a farmer and ex-NASA pilot, Joseph Cooper, is tasked to pilot a spacecraft, along with a team of researchers, to find a new planet for humans.</span></p>",https://www.imdb.com/title/tt0816692/,,1
2,Cavalerul negru,The Dark Knight,1,9.0,2008-07-14,"<p><span style=""color:hsl(0, 0%, 0%);"">When the menace known as the Joker wreaks havoc and chaos on the people of Gotham, Batman must accept one of the greatest psychological and physical tests of his ability to fight injustice.</span></p>",https://www.imdb.com/title/tt0468569/,,1
2,Lupul de pe Wall Street,The Wolf of Wall Street,4,8.2,2013-12-09,"<p><span style=""color:hsl(0, 0%, 0%);"">Based on the true story of Jordan Belfort, from his rise to a wealthy stock-broker living the high life to his fall involving crime, corruption and the federal government.</span></p>",https://www.imdb.com/title/tt0993846/,,1
2,Începutul,Inception,21,8.8,2010-07-08,"<p><span style=""color:hsl(0, 0%, 0%);"">A thief who steals corporate secrets through the use of dream-sharing technology is given the inverse task of planting an idea into the mind of a C.E.O., but his tragic past may doom the project and his team to disaster.</span></p>",https://www.imdb.com/title/tt1375666/,,1
2,Joker,Joker,6,8.4,2019-08-31,"<p><span style=""color:hsl(0, 0%, 0%);"">During the 1980s, a failed stand-up comedian is driven insane and turns to a life of crime and chaos in Gotham City while becoming an infamous psychopathic crime figure.</span></p>",https://www.imdb.com/title/tt7286456/,,1
3,World of Warcraft: Reckoning,World of Warcraft: Reckoning,3,7.1,2019-09-25,,https://www.imdb.com/title/tt11802944/,,1
1,Mindhunter,Mindhunter,6,8.6,2017-10-13,"<p><span style=""color:hsl(0, 0%, 0%);"">In the late 1970s, two FBI agents broaden the realm of criminal science by investigating the psychology behind murder and end up getting too close to real-life monsters.</span></p>",https://www.imdb.com/title/tt5290382/,,1
1,Dexter,Dexter,6,8.7,2006-10-01,"<p><span style=""color:hsl(0, 0%, 0%);"">He's smart. He's lovable. He's Dexter Morgan, America's favorite serial killer, who spends his days solving crimes and nights committing them.</span></p>",https://www.imdb.com/title/tt0773262/,,1
1,Cernobîl,Chernobyl,8,9.3,2019-05-06,"<p><span style=""color:hsl(0,0%,0%);"">This gripping mini-series tells the powerful story of the worst man-made accident in history, following the tragedy from the moment of the early-morning explosion through the chaos and loss of life in the ensuing days, weeks and months.</span></p>",https://www.imdb.com/title/tt7366338/,,1
1,Stranger Things,Stranger Things,8,8.7,2016-07-11,"<p><span style=""color:hsl(0, 0%, 0%);"">When a young boy vanishes, a small town uncovers a mystery involving secret experiments, terrifying supernatural forces and one strange little girl.</span></p>",https://www.imdb.com/title/tt4574334/,,1
1,Teoria Big Bang,The Big Bang Theory,5,8.2,2007-09-24,"<p><span style=""color:hsl(0, 0%, 0%);"">A woman who moves into an apartment across the hall from two brilliant but socially awkward physicists shows them how little they know about life outside of the laboratory.</span></p>",https://www.imdb.com/title/tt0898266/,,1
1,Imperiul din Atlantic City,Boardwalk Empire,6,8.6,2010-09-19,"<p><span style=""color:hsl(0,0%,0%);"">An Atlantic City politician plays both sides of the law by conspiring with gangsters during the Prohibition era.</span></p>",https://www.imdb.com/title/tt0979432/,,1
2,Trăind printre demoni 3,The Conjuring: The Devil Made Me Do It,13,6.3,2021-05-26,"<p><span style=""color:hsl(0, 0%, 0%);"">Arne Cheyenne Johnson stabs and murders his landlord, claiming to be under demonic possession while Ed and Lorraine Warren investigate the case and try to prove his innocence.</span></p>",https://www.imdb.com/title/tt7069210/,,1
2,Trăind printre demoni,The Conjuring,13,7.5,2013-06-08,"<p><span style=""color:hsl(0, 0%, 0%);"">Paranormal investigators Ed and Lorraine Warren work to help a family terrorized by a dark presence in their farmhouse.</span></p>",https://www.imdb.com/title/tt1457767/,,1
2,Trăind printre demoni 2,The Conjuring 2,13,7.3,2016-05-13,"<p><span style=""color:hsl(0, 0%, 0%);"">Ed and Lorraine Warren travel to North London to help a single mother raising four children alone in a house plagued by a supernatural spirit.</span></p>",https://www.imdb.com/title/tt3065204/,,1
2,The Nun II,The Nun II,13,5.6,2023-09-06,"<p><span style=""color:hsl(0, 0%, 0%);"">1956 - France. A priest is murdered. An evil is spreading. The sequel to the worldwide smash hit follows Sister Irene as she once again comes face-to-face with Valak, the demon nun.</span></p>",https://www.imdb.com/title/tt10160976/,,1
2,Calugarita: Misterul de la manastire,The Nun,13,5.3,2018-09-04,"<p><span style=""color:hsl(0, 0%, 0%);"">A priest with a haunted past and a novice on the threshold of her final vows are sent by the Vatican to investigate the death of a young nun in Romania and confront a malevolent force in the form of a demonic nun.</span></p>",https://www.imdb.com/title/tt5814060/,,1
2,Annabelle 2,Annabelle: Creation,13,6.5,2017-06-19,"<p><span style=""color:hsl(0, 0%, 0%);"">Twelve years after the tragic death of their little girl, a doll-maker and his wife welcome a nun and several girls from a shuttered orphanage into their home, where they become the target of the doll-maker's possessed creation, Annabelle.</span></p>",https://www.imdb.com/title/tt5140878/,,1
2,Annabelle,Annabelle,13,5.4,2014-09-29,"<p><span style=""color:hsl(0, 0%, 0%);"">A couple begins to experience terrifying supernatural occurrences involving a vintage doll shortly after their home is invaded by satanic cultists.</span></p>",https://www.imdb.com/title/tt3322940/,,1
2,Insidious: The Red Door,Insidious: The Red Door,13,5.5,2023-06-27,"<p><span style=""color:hsl(0, 0%, 0%);"">The Lamberts must go deeper into The Further than ever before to put their demons to rest once and for all.</span></p>",https://www.imdb.com/title/tt13405778/,,1
2,Insidios: Ultima cheie,Insidious: The Last Key,13,5.7,2018-01-03,"<p><span style=""color:hsl(0, 0%, 0%);"">Parapsychologist Dr. Elise Rainier faces her most fearsome and personal haunting yet, as she is drawn back to her ghostly childhood home where the terror began.</span></p>",https://www.imdb.com/title/tt5726086/,,1
2,Insidios: Capitolul 3,Insidious: Chapter 3,13,6.1,2015-05-28,"<p><span style=""color:hsl(0, 0%, 0%);"">A prequel set before the haunting of the Lambert family that reveals how gifted psychic Elise Rainier reluctantly agrees to use her ability to contact the dead in order to help a teenage girl who has been targeted by a dangerous supernatural entity.</span></p>",https://www.imdb.com/title/tt3195644/,,1
2,Insidios: Capitolul 2,Insidious: Chapter 2,13,6.5,2013-09-13,"<p><span style=""color:hsl(0, 0%, 0%);"">The Lamberts believe that they have defeated the spirits that have haunted their family, but they soon discover that evil is not beaten so easily.</span></p>",https://www.imdb.com/title/tt2226417/,,1
2,Dupa 28 de saptamani,28 Weeks Later,13,6.9,2007-04-26,"<p><span style=""color:hsl(0, 0%, 0%);"">Six months after the rage virus was inflicted on the population of Great Britain, the US Army helps to secure a small area of London for the survivors to repopulate and start again. But not everything goes according to plan.</span></p>",https://www.imdb.com/title/tt0463854/,,1
2,Dupa 28 de zile,28 Days Later...,13,7.5,2002-11-01,"<p><span style=""color:hsl(0, 0%, 0%);"">Four weeks after a mysterious, incurable virus spreads throughout the UK, a handful of survivors try to find sanctuary.</span></p>",https://www.imdb.com/title/tt0289043/,,1
2,Ziua Z: Apocalipsa,World War Z,13,7.0,2013-06-02,"<p><span style=""color:hsl(0, 0%, 0%);"">Former United Nations employee Gerry Lane traverses the world in a race against time to stop a zombie pandemic that is toppling armies and governments and threatens to destroy humanity itself.</span></p>",https://www.imdb.com/title/tt0816711/,,1
2,Marțianul,The Martian,18,8.0,2015-09-11,"<p><span style=""color:hsl(0, 0%, 0%);"">An astronaut becomes stranded on Mars after his team assume him dead, and must rely on his ingenuity to find a way to signal to Earth that he is alive and can survive until a potential rescue.</span></p>",https://www.imdb.com/title/tt3659388/,,1
1,Camarazi de razboi,Band of Brothers,8,9.4,2001-09-09,"<p><span style=""color:hsl(0, 0%, 0%);"">The story of Easy Company of the U.S. Army 101st Airborne Division and their mission in World War II Europe, from Operation Overlord to V-J Day.</span></p>",https://www.imdb.com/title/tt0185906/,,1
2,Rebel Moon - Partea 1: Copilul focului,Rebel Moon - Part One: A Child of Fire,18,5.6,2023-12-15,"<p><span style=""color:hsl(0, 0%, 0%);"">When a peaceful settlement on the edge of a distant moon finds itself threatened by the armies of a tyrannical ruling force, a mysterious stranger living among its villagers becomes their best hope for survival.</span></p>",https://www.imdb.com/title/tt14998742/,,1
2,[Rec] 4: Apocalipsis,[Rec] 4: Apocalipsis,13,5.3,2014-09-09,"<p><span style=""color:hsl(0, 0%, 0%);"">An ill-fated television reporter is rescued and sent on a voyage across the ocean, but she is followed by the deadly virus that has plagued her and numerous others.</span></p>",https://www.imdb.com/title/tt1649443/,,1
2,[Rec]³: Génesis,[Rec]³: Génesis,13,5.0,2012-03-09,"<p><span style=""color:hsl(0, 0%, 0%);"">A couple's wedding day turns horrific as some of the guests start showing signs of a strange illness.</span></p>",https://www.imdb.com/title/tt1649444/,,1
2,Înregistrare 2,[Rec] 2,13,6.5,2009-09-02,"<p><span style=""color:hsl(0, 0%, 0%);"">In order to ascertain the current situation inside, a supposed medical officer and a GEO team step into the quarantined and ill-fated apartment building.</span></p>",https://www.imdb.com/title/tt1245112/,,1
2,Înregistrare,[Rec],13,7.4,2007-08-29,"<p><span style=""color:hsl(0, 0%, 0%);"">&nbsp;television reporter and cameraman follow emergency workers into a dark apartment building and are quickly locked inside with something terrifying.</span></p>",https://www.imdb.com/title/tt1038988/,,1
2,Avatar: The Way of Water,Avatar: The Way of Water,18,7.6,2022-12-06,"<p><span style=""color:hsl(0,0%,0%);"">Jake Sully lives with his newfound family formed on the extrasolar moon Pandora. Once a familiar threat returns to finish what was previously started, Jake must work with Neytiri and the army of the Na'vi race to protect their home.</span></p>",https://www.imdb.com/title/tt1630029/,,1
2,Avatar,Avatar,18,7.9,2009-12-10,"<p><span style=""color:hsl(0, 0%, 0%);"">A paraplegic Marine dispatched to the moon Pandora on a unique mission becomes torn between following his orders and protecting the world he feels is his home.</span></p>",https://www.imdb.com/title/tt0499549/,,1
2,Stăpânul inelelor: Cele două turnuri,The Lord of the Rings: The Two Towers,2,8.8,2002-12-05,"<p><span style=""color:hsl(0, 0%, 0%);"">While Frodo and Sam edge closer to Mordor with the help of the shifty Gollum, the divided fellowship makes a stand against Sauron's new ally, Saruman, and his hordes of Isengard.</span></p>",https://www.imdb.com/title/tt0167261/,,1
2,Stăpânul inelelor: Întoarcerea regelui,The Lord of the Rings: The Return of the King,2,9.0,2003-12-01,"<p><span style=""color:hsl(0, 0%, 0%);"">Gandalf and Aragorn lead the World of Men against Sauron's army to draw his gaze from Frodo and Sam as they approach Mount Doom with the One Ring.</span></p>",https://www.imdb.com/title/tt0167260/,,1
2,Stapânul Inelelor: Fratia Inelului,The Lord of the Rings: The Fellowship of the Ring,2,8.9,2001-12-10,"<p><span style=""color:hsl(0, 0%, 0%);"">A meek Hobbit from the Shire and eight companions set out on a journey to destroy the powerful One Ring and save Middle-earth from the Dark Lord Sauron.</span></p>",https://www.imdb.com/title/tt0120737/,,1
2,The Cloverfield Paradox,The Cloverfield Paradox,18,5.5,2018-02-04,"<p><span style=""color:hsl(0, 0%, 0%);"">Orbiting a planet on the brink of war, scientists test a device to solve an energy crisis, and end up face-to-face with a dark alternate reality.</span></p>",https://www.imdb.com/title/tt2548396/,,1
1,Roma,Rome,1,8.7,2005-08-28,"<p><span style=""color:hsl(0, 0%, 0%);"">A down-to-earth account of the lives of both illustrious and ordinary Romans set in the last days of the Roman Republic.</span></p>",https://www.imdb.com/title/tt0384766/,,1
1,Most Dangerous Game,Most Dangerous Game,1,6.6,2020-04-06,"<p><span style=""color:hsl(0, 0%, 0%);"">Desperate to take care of his pregnant wife before a terminal illness can take his life, Dodge Tynes accepts an offer to participate in a deadly game where he soon discovers that he's not the hunter - but the prey.</span></p>",https://www.imdb.com/title/tt10580064/,,1
2,Noaptea judecății: Anarhia,The Purge: Anarchy,13,6.4,2014-07-17,"<p><span style=""color:hsl(0, 0%, 0%);"">Three groups of people intertwine and are left stranded in the streets on Purge Night, trying to survive the chaos and violence that occurs.</span></p>",https://www.imdb.com/title/tt2975578/,,1
2,Noaptea judecății: Alegerile,The Purge: Election Year,13,6.0,2016-06-29,"<p><span style=""color:hsl(0, 0%, 0%);"">Former Police Sergeant Barnes becomes head of security for Senator Charlie Roan, a Presidential candidate targeted for death on Purge night due to her vow to eliminate the Purge.</span></p>",https://www.imdb.com/title/tt4094724/,,1
2,Noaptea judecății: Începutul,The First Purge,13,5.2,2018-07-04,"<p><span style=""color:hsl(0, 0%, 0%);"">America's third political party, the New Founding Fathers of America, comes to power and conducts an experiment: no laws for 12 hours on Staten Island. No one has to stay on the island, but $5,000 is given to anyone who does.</span></p>",https://www.imdb.com/title/tt6133466/,,1
2,The Purge - Noaptea judecății,The Purge,13,5.7,2013-05-02,"<p><span style=""color:hsl(0, 0%, 0%);"">A wealthy family is held hostage for harboring the target of a murderous syndicate during the Purge, a 12-hour period in which any and all crime is legal.</span></p>",https://www.imdb.com/title/tt2184339/,,1
1,The Purge,The Purge,1,6.6,2018-09-04,"<p><span style=""color:hsl(0, 0%, 0%);"">Set in an altered United States, several unrelated people discover how far they will go to survive a night where all crime is legal for 12 hours.</span></p>",https://www.imdb.com/title/tt6110648/,,1
2,Zombieland: Rundă dublă,Zombieland: Double Tap,1,6.7,2019-10-09,"<p><span style=""color:hsl(0, 0%, 0%);"">Columbus, Tallahassee, Wichita, and Little Rock move to the American heartland as they face off against evolved zombies, fellow survivors, and the growing pains of the snarky makeshift family.</span></p>",https://www.imdb.com/title/tt1560220/,,1
2,Bun venit în Zombieland,Zombieland,1,7.6,2009-09-25,"<p><span style=""color:hsl(0, 0%, 0%);"">A shy student trying to reach his family in Ohio, a gun-toting bruiser in search of the last Twinkie and a pair of sisters striving to get to an amusement park join forces in a trek across a zombie-filled America.</span></p>",https://www.imdb.com/title/tt1156398/,,1
2,Tremors: Shrieker Island,Tremors: Shrieker Island,1,5.4,2020-10-07,"<p><span style=""color:hsl(0, 0%, 0%);"">When a group of hunters genetically modify Graboid eggs, they face an all-out war against the larger, terrifyingly intelligent Graboids, and the swiftly multiplying Shriekers.</span></p>",https://www.imdb.com/title/tt8322060/,,1
2,Mili,Mili,8,6.7,2022-11-04,"<p><span style=""color:hsl(0, 0%, 0%);"">Janhvi Kapoor as a woman stuck in a freezer fighting to stay alive. 'Mili' is the official Hindi remake of the Malayalam thriller 'Helen'.</span></p>",https://www.imdb.com/title/tt15257644/,,1
2,M3GAN,M3GAN,18,6.4,2022-12-07,"<p><span style=""color:hsl(0, 0%, 0%);"">A robotics engineer at a toy company builds a life-like doll that begins to take on a life of its own.</span></p>",https://www.imdb.com/title/tt8760708/,,1
2,It Comes at Night,It Comes at Night,13,6.2,2017-04-29,"<p><span style=""color:hsl(0, 0%, 0%);"">Secure within a desolate home as an unnatural threat terrorizes the world, a man has established a tenuous domestic order with his wife and son. Then a desperate young family arrives seeking refuge.</span></p>",https://www.imdb.com/title/tt4695012/,,1
2,Destinatie finala 5,Final Destination 5,13,5.9,2011-08-04,"<p><span style=""color:hsl(0, 0%, 0%);"">Death returns to claim the lucky survivors of a deadly bridge collapse in this fifth frightening installment in the series.</span></p>",https://www.imdb.com/title/tt1622979/,,1
2,Destinatie finala 4,The Final Destination,13,5.1,2009-08-26,"<p><span style=""color:hsl(0, 0%, 0%);"">A horrifying premonition saves a young man and his friends from death during a racetrack accident but terrible fates await them nonetheless.</span></p>",https://www.imdb.com/title/tt1144884/,,1
2,Destinatie finala 3,Final Destination 3,13,5.8,2006-02-02,"<p><span style=""color:hsl(0, 0%, 0%);"">Wendy Christensen and a group of teens who escaped a fatal roller-coaster crash face a bloody date with Death.</span></p>",https://www.imdb.com/title/tt0414982/,,1
2,Destinatie finala 2,Final Destination 2,13,6.2,2003-01-30,"<p><span style=""color:hsl(0, 0%, 0%);"">Death is stalking Kimberly Corman and multiple survivors of a deadly highway accident.</span></p>",https://www.imdb.com/title/tt0309593/,,1
2,Destinatie finala,Final Destination,13,6.7,2000-03-16,"<p><span style=""color:hsl(0, 0%, 0%);"">After getting a premonition about a plane crash on his school trip, Alex, a student saves a few of his classmates. However, their situation gets complicated when death starts chasing them.</span></p>",https://www.imdb.com/title/tt0195714/,,1
2,Monstruos,Cloverfield,13,7.0,2008-01-16,"<p><span style=""color:hsl(0, 0%, 0%);"">A group of friends venture deep into the streets of New York on a rescue mission during a rampaging monster attack.</span></p>",https://www.imdb.com/title/tt1060277/,,1
2,Schimbul,Changeling,6,7.8,2008-05-20,"<p><span style=""color:hsl(0, 0%, 0%);"">After Christine's son goes missing, she reaches out to the LAPD to find him. But when they try to pass off an impostor as her son to quieten public protests, she refuses to accept him or give up hope.</span></p>",https://www.imdb.com/title/tt0824747/,,1
2,Cargo,Cargo,13,6.3,2017-10-06,"<p><span style=""color:hsl(0, 0%, 0%);"">After an epidemic spreads all over Australia, a father searches for someone willing to protect his daughter.</span></p>",https://www.imdb.com/title/tt3860916/,,1
2,Black Snake Moan,Black Snake Moan,8,6.9,2006-12-09,"<p><span style=""color:hsl(0, 0%, 0%);"">A God-fearing bluesman takes to a wild young woman who, as a victim of childhood sexual abuse, looks everywhere for love, never quite finding it.</span></p>",https://www.imdb.com/title/tt0462200/,,1
2,Bed Rest,Bed Rest,21,5.0,2022-11-30,"<p><span style=""color:hsl(0, 0%, 0%);"">A pregnant woman on bed rest begins to wonder if her house is haunted or it's all in her head.</span></p>",https://www.imdb.com/title/tt4896168/,,1
2,Acceptat,Accepted,5,6.4,2006-08-18,"<p><span style=""color:hsl(0, 0%, 0%);"">A high school slacker who's rejected by every school he applies to opts to create his own institution of higher learning, the South Harmon Institute of Technology, on a rundown piece of property near his hometown.</span></p>",https://www.imdb.com/title/tt0384793/,,1
2,Strada Cloverfield 10,10 Cloverfield Lane,13,7.2,2016-03-08,"<p><span style=""color:hsl(0,0%,0%);"">A young woman is held in an underground bunker by a man who insists that a hostile event has left the surface of the Earth uninhabitable.</span></p>",https://www.imdb.com/title/tt1179933/,,1
2,4x4,4x4,6,5.7,2019-04-04,"<p><span style=""color:hsl(0, 0%, 0%);"">A thug breaks into a specialized car with a special security system that keeps him trapped inside with no one being able to hear him crying for help.</span></p>",https://www.imdb.com/title/tt8561690/,,1
2,Girl in the Box,Girl in the Box,6,6.2,2016-09-10,"<p><span style=""color:hsl(0, 0%, 0%);"">In 1977, a girl is kidnapped and kept in a coffin-sized box. When her captors let her out, it's only to abuse her horribly. Will she ever escape?</span></p>",https://www.imdb.com/title/tt5957584/,,1
2,Napoleon,Napoleon,4,6.4,2023-11-14,"<p><span style=""color:hsl(0, 0%, 0%);"">An epic that details the checkered rise and fall of French Emperor Napoleon Bonaparte and his relentless journey to power through the prism of his addictive, volatile relationship with his wife, Josephine.</span></p>",https://www.imdb.com/title/tt13287846/,,1
2,The Crazies,The Crazies,13,6.5,2010-02-26,"<p><span style=""color:hsl(0, 0%, 0%);"">After a strange and insecure plane crash, an unusual toxic virus enters a quaint farming town. A young couple are quarantined, but they fight for survival along with help from a couple of people.</span></p>",https://www.imdb.com/title/tt0455407/,,1
2,Starry Eyes,Starry Eyes,13,6.0,2014-11-14,"<p><span style=""color:hsl(0,0%,0%);"">A hopeful young starlet uncovers the ominous origins of the Hollywood elite and enters into a deadly agreement in exchange for fame and fortune.</span></p>",https://www.imdb.com/title/tt2793490/,,1
1,The Last of Us,The Last of Us,1,8.8,2023-01-15,"<p><span style=""color:hsl(0,0%,0%);"">After a global pandemic destroys civilization, a hardened survivor takes charge of a 14-year-old girl who may be humanity's last hope.</span></p>",https://www.imdb.com/title/tt3581920/,,1
